,0,1,2,3,4,5,6,7,8,9
0,0.0,1.0,0.0,2.0,3.0,1.0,2.0,2.0,1.0,0.0
1,1.0,0.0,2.0,1.0,0.0,0.0,1.0,1.0,0.0,0.0
2,1.0,0.0,3.0,0.0,0.0,0.0,0.0,0.0,0.0,0.0
3,1.0,1.0,1.0,1.0,1.0,1.0,2.0,5.0,0.0,0.0
4,0.0,0.0,0.0,3.0,0.0,0.0,0.0,0.0,0.0,0.0
5,0.0,1.0,1.0,2.0,0.0,1.0,0.0,1.0,0.0,0.0
6,0.0,1.0,0.0,0.0,1.0,1.0,0.0,1.0,0.0,0.0
7,2.0,0.0,3.0,0.0,0.0,1.0,1.0,0.0,0.0,2.0
8,0.0,1.0,0.0,0.0,3.0,0.0,3.0,3.0,1.0,1.0
9,4.0,1.0,0.0,4.0,3.0,0.0,7.0,3.0,1.0,0.0
10,0.0,3.0,2.0,1.0,1.0,0.0,1.0,10.0,2.0,1.0
11,2.0,1.0,2.0,2.0,0.0,0.0,5.0,3.0,4.0,1.0
12,3.0,1.0,1.0,0.0,0.0,0.0,0.0,0.0,0.0,0.0
13,0.0,0.0,3.0,1.0,0.0,0.0,0.0,0.0,0.0,0.0
14,0.0,0.0,1.0,0.0,0.0,0.0,0.0,1.0,0.0,0.0
15,0.0,1.0,1.0,2.0,6.0,0.0,1.0,2.0,4.0,0.0
16,1.0,0.0,0.0,1.0,0.0,0.0,1.0,1.0,1.0,0.0
17,5.0,1.0,0.0,4.0,0.0,0.0,1.0,0.0,2.0,0.0
18,1.0,1.0,2.0,2.0,0.0,0.0,1.0,3.0,3.0,1.0
19,0.0,1.0,0.0,3.0,2.0,2.0,0.0,0.0,2.0,0.0
20,0.0,1.0,1.0,1.0,0.0,0.0,0.0,0.0,0.0,0.0
21,3.0,0.0,0.0,1.0,0.0,0.0,0.0,0.0,1.0,0.0
22,0.0,1.0,0.0,0.0,0.0,1.0,2.0,0.0,1.0,0.0
23,0.0,2.0,8.0,2.0,6.0,0.0,3.0,5.0,2.0,1.0
24,0.0,5.0,2.0,1.0,0.0,0.0,1.0,0.0,0.0,0.0
25,0.0,2.0,1.0,0.0,1.0,0.0,1.0,1.0,1.0,1.0
26,3.0,4.0,1.0,7.0,0.0,1.0,1.0,1.0,0.0,0.0
27,0.0,0.0,2.0,0.0,1.0,1.0,3.0,2.0,0.0,0.0
28,2.0,4.0,5.0,7.0,2.0,0.0,2.0,5.0,0.0,0.0
29,1.0,0.0,0.0,0.0,0.0,0.0,0.0,0.0,0.0,0.0
30,0.0,0.0,0.0,0.0,1.0,1.0,2.0,2.0,3.0,0.0
31,0.0,2.0,3.0,3.0,2.0,0.0,4.0,0.0,0.0,0.0
32,0.0,2.0,1.0,1.0,0.0,1.0,0.0,0.0,0.0,0.0
33,5.0,2.0,1.0,3.0,0.0,0.0,1.0,0.0,0.0,0.0
34,2.0,2.0,2.0,1.0,4.0,0.0,6.0,1.0,2.0,0.0
35,0.0,2.0,6.0,2.0,9.0,0.0,3.0,4.0,5.0,0.0
36,0.0,0.0,4.0,1.0,0.0,1.0,0.0,1.0,3.0,0.0
37,0.0,1.0,1.0,1.0,1.0,0.0,1.0,0.0,0.0,1.0
38,2.0,3.0,1.0,3.0,1.0,0.0,0.0,1.0,0.0,0.0
39,0.0,4.0,1.0,1.0,6.0,0.0,3.0,7.0,1.0,0.0
40,1.0,1.0,3.0,4.0,0.0,1.0,0.0,0.0,0.0,0.0
41,0.0,2.0,4.0,2.0,4.0,0.0,7.0,6.0,3.0,0.0
42,0.0,0.0,0.0,3.0,0.0,0.0,2.0,0.0,0.0,1.0
43,4.0,12.0,2.0,5.0,4.0,0.0,2.0,4.0,3.0,0.0
44,0.0,0.0,0.0,2.0,0.0,0.0,0.0,0.0,0.0,1.0
45,0.0,0.0,1.0,2.0,0.0,1.0,0.0,0.0,0.0,0.0
46,3.0,0.0,1.0,4.0,0.0,0.0,3.0,0.0,1.0,0.0
47,0.0,0.0,5.0,0.0,0.0,0.0,0.0,0.0,4.0,0.0
48,0.0,1.0,3.0,4.0,0.0,0.0,0.0,1.0,0.0,0.0
49,0.0,0.0,3.0,1.0,1.0,0.0,2.0,1.0,4.0,0.0
50,0.0,2.0,3.0,1.0,2.0,0.0,0.0,1.0,1.0,0.0
51,2.0,5.0,1.0,0.0,5.0,0.0,1.0,1.0,1.0,1.0
52,2.0,1.0,0.0,2.0,0.0,0.0,0.0,0.0,0.0,1.0
53,1.0,5.0,2.0,2.0,3.0,0.0,1.0,3.0,4.0,0.0
54,0.0,1.0,0.0,1.0,0.0,0.0,1.0,1.0,0.0,0.0
55,0.0,0.0,3.0,2.0,0.0,0.0,2.0,0.0,0.0,0.0
56,0.0,2.0,1.0,1.0,0.0,0.0,0.0,0.0,0.0,0.0
57,2.0,3.0,2.0,4.0,0.0,0.0,0.0,0.0,1.0,0.0
58,0.0,1.0,1.0,1.0,1.0,0.0,4.0,1.0,0.0,0.0
59,0.0,0.0,2.0,2.0,2.0,0.0,1.0,0.0,1.0,0.0
60,0.0,0.0,3.0,0.0,0.0,0.0,1.0,2.0,0.0,0.0
61,3.0,2.0,4.0,6.0,0.0,0.0,3.0,4.0,3.0,0.0
62,0.0,1.0,0.0,0.0,0.0,1.0,0.0,1.0,0.0,0.0
63,3.0,1.0,1.0,1.0,0.0,0.0,0.0,2.0,0.0,0.0
64,0.0,0.0,3.0,0.0,1.0,0.0,0.0,3.0,0.0,0.0
65,1.0,0.0,2.0,4.0,0.0,0.0,0.0,0.0,0.0,0.0
66,0.0,1.0,0.0,4.0,1.0,1.0,0.0,2.0,0.0,0.0
67,2.0,0.0,1.0,1.0,0.0,0.0,3.0,2.0,4.0,0.0
68,0.0,0.0,0.0,0.0,0.0,0.0,0.0,0.0,0.0,0.0
69,3.0,1.0,2.0,5.0,0.0,0.0,1.0,0.0,3.0,0.0
70,1.0,1.0,1.0,4.0,0.0,0.0,1.0,0.0,0.0,0.0
71,0.0,3.0,0.0,3.0,0.0,0.0,0.0,0.0,1.0,0.0
72,0.0,3.0,1.0,2.0,1.0,0.0,3.0,4.0,1.0,0.0
73,0.0,2.0,1.0,1.0,4.0,0.0,3.0,4.0,0.0,0.0
74,0.0,1.0,1.0,1.0,1.0,0.0,1.0,1.0,0.0,0.0
75,2.0,2.0,0.0,1.0,0.0,0.0,0.0,0.0,0.0,0.0
76,5.0,1.0,0.0,4.0,1.0,0.0,1.0,0.0,2.0,0.0
77,0.0,4.0,2.0,1.0,3.0,0.0,1.0,9.0,2.0,0.0
78,0.0,3.0,2.0,2.0,3.0,1.0,1.0,3.0,0.0,0.0
79,0.0,1.0,2.0,1.0,4.0,0.0,4.0,8.0,0.0,0.0
80,0.0,1.0,0.0,0.0,0.0,0.0,0.0,0.0,0.0,0.0
81,0.0,1.0,1.0,1.0,1.0,0.0,2.0,0.0,0.0,0.0
82,0.0,0.0,1.0,1.0,0.0,0.0,2.0,0.0,0.0,0.0
83,0.0,4.0,4.0,3.0,1.0,0.0,1.0,1.0,0.0,0.0
84,0.0,0.0,0.0,1.0,0.0,1.0,0.0,4.0,1.0,0.0
85,3.0,2.0,0.0,2.0,0.0,0.0,0.0,0.0,0.0,0.0
86,0.0,1.0,2.0,1.0,0.0,0.0,1.0,0.0,0.0,0.0
87,0.0,1.0,1.0,0.0,4.0,0.0,6.0,3.0,4.0,0.0
88,5.0,1.0,0.0,3.0,0.0,0.0,3.0,0.0,0.0,0.0
89,0.0,1.0,0.0,1.0,1.0,0.0,3.0,1.0,0.0,0.0
90,0.0,2.0,2.0,3.0,0.0,0.0,2.0,0.0,0.0,0.0
91,0.0,2.0,6.0,2.0,2.0,0.0,1.0,4.0,3.0,0.0
92,6.0,3.0,3.0,5.0,1.0,0.0,4.0,2.0,4.0,0.0
93,0.0,1.0,2.0,0.0,1.0,1.0,4.0,3.0,2.0,0.0
94,0.0,0.0,2.0,1.0,4.0,0.0,1.0,7.0,2.0,1.0
95,0.0,0.0,2.0,1.0,0.0,1.0,0.0,0.0,0.0,1.0
96,0.0,1.0,2.0,0.0,6.0,0.0,3.0,6.0,3.0,0.0
97,1.0,0.0,4.0,3.0,1.0,1.0,3.0,0.0,1.0,1.0
98,1.0,3.0,3.0,6.0,0.0,1.0,1.0,0.0,0.0,1.0
99,0.0,3.0,5.0,2.0,1.0,0.0,5.0,2.0,0.0,1.0
100,3.0,2.0,2.0,3.0,1.0,0.0,1.0,4.0,0.0,0.0
101,1.0,3.0,2.0,3.0,1.0,0.0,6.0,7.0,2.0,1.0
102,0.0,2.0,3.0,0.0,1.0,0.0,0.0,2.0,2.0,0.0
103,0.0,3.0,0.0,1.0,0.0,0.0,1.0,1.0,1.0,0.0
104,0.0,1.0,0.0,1.0,1.0,0.0,0.0,2.0,0.0,1.0
105,0.0,3.0,0.0,3.0,3.0,0.0,2.0,2.0,0.0,0.0
106,2.0,1.0,2.0,2.0,0.0,0.0,2.0,0.0,0.0,1.0
107,0.0,2.0,4.0,2.0,1.0,0.0,2.0,1.0,3.0,1.0
108,0.0,0.0,1.0,3.0,1.0,0.0,0.0,3.0,0.0,0.0
109,3.0,0.0,0.0,0.0,0.0,0.0,0.0,0.0,0.0,0.0
110,2.0,1.0,7.0,0.0,0.0,0.0,0.0,5.0,1.0,1.0
111,0.0,4.0,1.0,1.0,4.0,0.0,5.0,3.0,3.0,0.0
112,0.0,0.0,6.0,2.0,0.0,1.0,3.0,1.0,1.0,0.0
113,2.0,1.0,3.0,4.0,4.0,0.0,4.0,8.0,1.0,0.0
114,0.0,1.0,1.0,1.0,0.0,0.0,0.0,0.0,0.0,0.0
115,0.0,0.0,3.0,2.0,0.0,0.0,0.0,0.0,0.0,0.0
116,0.0,0.0,1.0,2.0,3.0,0.0,4.0,3.0,0.0,0.0
117,0.0,0.0,1.0,1.0,0.0,0.0,1.0,0.0,0.0,1.0
118,0.0,1.0,0.0,1.0,0.0,0.0,0.0,4.0,0.0,0.0
119,0.0,3.0,3.0,1.0,1.0,0.0,1.0,1.0,0.0,0.0
120,1.0,3.0,3.0,0.0,0.0,2.0,4.0,3.0,1.0,0.0
121,4.0,4.0,0.0,5.0,0.0,1.0,1.0,1.0,1.0,1.0
122,3.0,2.0,1.0,0.0,1.0,0.0,1.0,1.0,1.0,1.0
123,0.0,1.0,3.0,0.0,0.0,0.0,2.0,1.0,2.0,0.0
124,0.0,1.0,2.0,1.0,2.0,0.0,0.0,5.0,2.0,0.0
125,2.0,6.0,4.0,4.0,7.0,0.0,3.0,7.0,1.0,0.0
126,0.0,0.0,0.0,1.0,1.0,0.0,1.0,0.0,0.0,0.0
127,2.0,1.0,0.0,1.0,0.0,0.0,0.0,3.0,1.0,0.0
128,0.0,1.0,0.0,2.0,4.0,0.0,1.0,5.0,2.0,1.0
129,2.0,2.0,5.0,1.0,2.0,0.0,4.0,3.0,4.0,0.0
130,1.0,0.0,3.0,1.0,0.0,0.0,2.0,3.0,0.0,0.0
131,2.0,1.0,0.0,2.0,2.0,0.0,1.0,3.0,0.0,0.0
132,1.0,2.0,1.0,5.0,0.0,0.0,1.0,0.0,0.0,0.0
133,0.0,1.0,1.0,2.0,2.0,0.0,1.0,0.0,1.0,0.0
134,1.0,3.0,3.0,1.0,1.0,1.0,5.0,5.0,2.0,0.0
135,0.0,0.0,3.0,1.0,0.0,0.0,0.0,0.0,2.0,0.0
136,1.0,3.0,2.0,3.0,3.0,0.0,1.0,8.0,1.0,1.0
137,1.0,2.0,3.0,3.0,0.0,0.0,0.0,6.0,0.0,1.0
138,0.0,0.0,1.0,3.0,0.0,0.0,2.0,1.0,0.0,0.0
139,1.0,1.0,1.0,5.0,0.0,0.0,0.0,0.0,2.0,1.0
140,0.0,2.0,1.0,1.0,0.0,0.0,1.0,0.0,0.0,0.0
141,0.0,0.0,5.0,1.0,2.0,0.0,4.0,6.0,3.0,0.0
142,0.0,3.0,4.0,4.0,4.0,0.0,4.0,9.0,0.0,1.0
143,3.0,1.0,2.0,6.0,0.0,0.0,1.0,0.0,1.0,1.0
144,0.0,0.0,3.0,0.0,1.0,1.0,2.0,4.0,0.0,0.0
145,0.0,1.0,1.0,0.0,1.0,1.0,0.0,1.0,1.0,1.0
146,0.0,0.0,3.0,1.0,3.0,0.0,2.0,2.0,1.0,1.0
147,1.0,1.0,3.0,0.0,0.0,0.0,3.0,1.0,1.0,1.0
148,1.0,2.0,2.0,1.0,0.0,0.0,0.0,0.0,0.0,0.0
149,1.0,3.0,4.0,2.0,0.0,0.0,4.0,2.0,1.0,0.0
150,0.0,0.0,0.0,1.0,0.0,0.0,1.0,1.0,0.0,0.0
151,0.0,0.0,0.0,2.0,0.0,0.0,1.0,0.0,0.0,0.0
152,0.0,1.0,5.0,0.0,0.0,0.0,2.0,0.0,1.0,0.0
153,0.0,1.0,5.0,1.0,0.0,0.0,4.0,4.0,1.0,0.0
154,5.0,3.0,4.0,7.0,0.0,0.0,2.0,1.0,1.0,0.0
155,2.0,2.0,1.0,1.0,0.0,0.0,0.0,3.0,0.0,0.0
156,0.0,0.0,0.0,0.0,0.0,0.0,0.0,0.0,0.0,0.0
157,0.0,1.0,3.0,2.0,0.0,0.0,0.0,0.0,0.0,0.0
158,0.0,1.0,1.0,0.0,0.0,0.0,2.0,1.0,1.0,0.0
159,1.0,1.0,3.0,4.0,3.0,0.0,7.0,3.0,4.0,0.0
160,0.0,3.0,2.0,1.0,3.0,0.0,4.0,6.0,1.0,0.0
161,0.0,2.0,6.0,1.0,2.0,1.0,2.0,2.0,1.0,0.0
162,0.0,4.0,3.0,0.0,0.0,1.0,3.0,0.0,1.0,0.0
163,0.0,1.0,2.0,0.0,0.0,0.0,0.0,1.0,0.0,0.0
164,2.0,3.0,3.0,1.0,0.0,0.0,2.0,3.0,3.0,0.0
165,6.0,3.0,2.0,1.0,0.0,0.0,2.0,0.0,0.0,0.0
166,0.0,0.0,1.0,0.0,1.0,0.0,1.0,3.0,0.0,0.0
167,0.0,0.0,2.0,1.0,0.0,0.0,1.0,6.0,0.0,0.0
168,0.0,2.0,3.0,4.0,0.0,0.0,1.0,0.0,0.0,0.0
169,1.0,3.0,5.0,1.0,3.0,0.0,6.0,3.0,3.0,0.0
170,5.0,3.0,1.0,1.0,1.0,0.0,3.0,3.0,1.0,1.0
171,3.0,3.0,0.0,3.0,0.0,0.0,0.0,2.0,0.0,1.0
172,0.0,1.0,2.0,0.0,0.0,0.0,2.0,2.0,3.0,0.0
173,1.0,2.0,2.0,0.0,2.0,0.0,4.0,2.0,0.0,0.0
174,2.0,1.0,5.0,2.0,0.0,0.0,6.0,11.0,0.0,1.0
175,0.0,1.0,1.0,0.0,6.0,0.0,5.0,4.0,0.0,0.0
176,0.0,0.0,2.0,1.0,0.0,1.0,0.0,0.0,0.0,0.0
177,1.0,1.0,0.0,1.0,0.0,0.0,0.0,0.0,0.0,0.0
178,3.0,3.0,0.0,3.0,0.0,0.0,1.0,1.0,0.0,1.0
179,2.0,0.0,10.0,1.0,2.0,0.0,2.0,3.0,1.0,1.0
180,0.0,4.0,1.0,0.0,1.0,0.0,7.0,0.0,1.0,0.0
181,2.0,1.0,1.0,3.0,0.0,0.0,0.0,2.0,0.0,0.0
182,0.0,1.0,0.0,2.0,2.0,1.0,1.0,7.0,0.0,1.0
183,0.0,0.0,1.0,0.0,0.0,0.0,2.0,1.0,1.0,0.0
184,1.0,4.0,1.0,6.0,4.0,0.0,2.0,2.0,4.0,1.0
185,0.0,1.0,3.0,0.0,3.0,0.0,2.0,8.0,6.0,0.0
186,0.0,3.0,1.0,1.0,4.0,0.0,2.0,2.0,0.0,1.0
187,0.0,1.0,3.0,2.0,0.0,0.0,2.0,1.0,1.0,0.0
188,1.0,0.0,1.0,2.0,0.0,0.0,0.0,0.0,0.0,0.0
189,0.0,0.0,5.0,0.0,0.0,0.0,1.0,5.0,2.0,0.0
190,0.0,1.0,5.0,1.0,2.0,1.0,3.0,3.0,1.0,0.0
191,0.0,0.0,0.0,3.0,0.0,0.0,1.0,0.0,0.0,0.0
192,0.0,3.0,0.0,1.0,2.0,0.0,1.0,1.0,2.0,0.0
193,2.0,0.0,1.0,3.0,0.0,0.0,2.0,0.0,1.0,0.0
194,0.0,0.0,2.0,0.0,2.0,0.0,1.0,2.0,4.0,0.0
195,1.0,2.0,1.0,4.0,1.0,0.0,1.0,7.0,1.0,0.0
196,0.0,0.0,0.0,0.0,0.0,1.0,1.0,5.0,0.0,0.0
197,0.0,0.0,0.0,2.0,0.0,0.0,1.0,0.0,0.0,0.0
198,0.0,1.0,0.0,1.0,0.0,0.0,0.0,0.0,0.0,0.0
199,0.0,1.0,3.0,0.0,0.0,0.0,1.0,3.0,0.0,0.0
200,2.0,4.0,5.0,4.0,0.0,1.0,0.0,1.0,1.0,0.0
201,1.0,2.0,3.0,0.0,0.0,0.0,0.0,4.0,0.0,0.0
202,0.0,1.0,0.0,0.0,2.0,0.0,0.0,0.0,0.0,0.0
203,1.0,1.0,3.0,1.0,2.0,0.0,1.0,1.0,1.0,1.0
204,0.0,2.0,1.0,1.0,6.0,0.0,1.0,6.0,1.0,0.0
205,1.0,5.0,2.0,0.0,6.0,0.0,1.0,6.0,2.0,0.0
206,3.0,4.0,4.0,3.0,0.0,0.0,1.0,0.0,0.0,1.0
207,0.0,1.0,0.0,0.0,0.0,0.0,1.0,1.0,0.0,0.0
208,0.0,0.0,1.0,0.0,3.0,0.0,1.0,6.0,0.0,0.0
209,1.0,2.0,6.0,2.0,1.0,0.0,4.0,2.0,6.0,0.0
210,1.0,0.0,1.0,2.0,0.0,0.0,4.0,4.0,0.0,0.0
211,0.0,0.0,1.0,1.0,1.0,1.0,5.0,0.0,0.0,0.0
212,0.0,2.0,1.0,0.0,1.0,1.0,1.0,1.0,0.0,0.0
213,0.0,0.0,2.0,2.0,6.0,0.0,1.0,5.0,0.0,0.0
214,2.0,4.0,1.0,3.0,0.0,0.0,1.0,0.0,2.0,0.0
215,0.0,1.0,1.0,1.0,0.0,0.0,0.0,0.0,0.0,0.0
216,0.0,1.0,2.0,1.0,0.0,0.0,1.0,0.0,0.0,0.0
217,0.0,1.0,1.0,1.0,2.0,0.0,1.0,2.0,0.0,0.0
218,0.0,0.0,0.0,1.0,0.0,0.0,2.0,0.0,0.0,0.0
219,0.0,0.0,2.0,1.0,0.0,0.0,2.0,0.0,0.0,0.0
220,1.0,1.0,0.0,2.0,0.0,1.0,1.0,0.0,0.0,0.0
221,0.0,0.0,2.0,0.0,0.0,0.0,0.0,0.0,0.0,1.0
222,0.0,1.0,2.0,1.0,0.0,0.0,0.0,5.0,3.0,0.0
223,1.0,1.0,0.0,3.0,2.0,0.0,0.0,1.0,1.0,0.0
224,1.0,3.0,0.0,3.0,5.0,0.0,1.0,5.0,1.0,0.0
225,1.0,2.0,0.0,0.0,0.0,1.0,1.0,1.0,1.0,1.0
226,1.0,7.0,4.0,1.0,2.0,1.0,3.0,4.0,1.0,0.0
227,2.0,0.0,1.0,1.0,0.0,0.0,0.0,1.0,1.0,1.0
228,0.0,0.0,5.0,0.0,0.0,0.0,0.0,0.0,1.0,1.0
229,0.0,0.0,2.0,1.0,0.0,0.0,0.0,0.0,0.0,0.0
230,1.0,2.0,3.0,5.0,1.0,0.0,4.0,0.0,0.0,2.0
231,0.0,0.0,2.0,2.0,1.0,0.0,0.0,3.0,3.0,0.0
232,0.0,1.0,0.0,1.0,0.0,0.0,0.0,0.0,0.0,0.0
233,0.0,1.0,1.0,0.0,0.0,0.0,0.0,0.0,1.0,0.0
234,0.0,1.0,1.0,0.0,0.0,1.0,0.0,0.0,0.0,0.0
235,0.0,3.0,2.0,0.0,5.0,0.0,1.0,4.0,1.0,0.0
236,0.0,2.0,3.0,2.0,2.0,0.0,4.0,3.0,3.0,0.0
237,0.0,3.0,5.0,1.0,2.0,1.0,6.0,4.0,2.0,0.0
238,3.0,1.0,3.0,1.0,0.0,0.0,1.0,0.0,1.0,0.0
239,1.0,3.0,5.0,2.0,5.0,1.0,8.0,5.0,1.0,0.0
240,2.0,0.0,6.0,1.0,0.0,0.0,1.0,2.0,1.0,0.0
241,1.0,1.0,0.0,0.0,0.0,0.0,0.0,2.0,0.0,0.0
242,1.0,0.0,0.0,2.0,2.0,1.0,2.0,2.0,0.0,0.0
243,0.0,0.0,2.0,0.0,0.0,0.0,2.0,1.0,1.0,0.0
244,0.0,0.0,3.0,1.0,0.0,0.0,0.0,0.0,1.0,0.0
245,0.0,1.0,2.0,0.0,0.0,0.0,0.0,2.0,0.0,0.0
246,1.0,0.0,1.0,0.0,2.0,2.0,0.0,2.0,1.0,0.0
247,0.0,2.0,2.0,0.0,0.0,1.0,0.0,0.0,1.0,0.0
248,1.0,3.0,2.0,2.0,0.0,0.0,3.0,0.0,4.0,0.0
249,0.0,1.0,1.0,5.0,1.0,0.0,1.0,0.0,1.0,0.0
250,1.0,0.0,2.0,1.0,0.0,0.0,0.0,1.0,0.0,0.0
251,0.0,0.0,0.0,5.0,0.0,0.0,0.0,1.0,1.0,1.0
252,1.0,0.0,2.0,1.0,4.0,0.0,1.0,3.0,2.0,0.0
253,0.0,2.0,2.0,3.0,3.0,2.0,2.0,2.0,1.0,0.0
254,0.0,0.0,0.0,1.0,2.0,0.0,1.0,5.0,1.0,0.0
255,3.0,0.0,2.0,0.0,2.0,1.0,3.0,6.0,4.0,0.0
256,1.0,0.0,0.0,1.0,1.0,0.0,1.0,4.0,3.0,0.0
257,0.0,0.0,3.0,1.0,1.0,0.0,1.0,4.0,3.0,1.0
258,0.0,2.0,2.0,0.0,3.0,0.0,2.0,1.0,0.0,1.0
259,0.0,0.0,0.0,0.0,2.0,1.0,0.0,2.0,0.0,0.0
260,0.0,1.0,3.0,1.0,0.0,0.0,2.0,0.0,1.0,0.0
261,0.0,0.0,0.0,2.0,0.0,1.0,0.0,1.0,0.0,0.0
262,0.0,0.0,1.0,2.0,0.0,0.0,1.0,0.0,0.0,0.0
263,0.0,0.0,3.0,0.0,0.0,0.0,0.0,2.0,1.0,0.0
264,7.0,4.0,2.0,4.0,2.0,2.0,4.0,4.0,3.0,0.0
265,0.0,1.0,0.0,1.0,0.0,0.0,0.0,0.0,0.0,0.0
266,0.0,3.0,4.0,1.0,1.0,0.0,0.0,1.0,5.0,0.0
267,0.0,3.0,2.0,1.0,3.0,0.0,3.0,2.0,2.0,0.0
268,0.0,0.0,6.0,1.0,5.0,0.0,2.0,4.0,0.0,0.0
269,1.0,0.0,1.0,0.0,0.0,1.0,1.0,0.0,0.0,0.0
270,0.0,0.0,1.0,0.0,0.0,0.0,0.0,0.0,0.0,0.0
271,0.0,3.0,2.0,1.0,1.0,0.0,3.0,1.0,0.0,0.0
272,0.0,1.0,1.0,1.0,0.0,0.0,0.0,0.0,0.0,0.0
273,0.0,2.0,0.0,0.0,2.0,0.0,1.0,1.0,0.0,1.0
274,1.0,0.0,1.0,0.0,2.0,0.0,1.0,2.0,0.0,1.0
275,0.0,3.0,0.0,0.0,0.0,0.0,0.0,1.0,0.0,0.0
276,0.0,1.0,0.0,1.0,0.0,0.0,0.0,0.0,1.0,0.0
277,3.0,0.0,1.0,6.0,0.0,0.0,0.0,0.0,0.0,0.0
278,0.0,1.0,0.0,1.0,0.0,1.0,0.0,1.0,0.0,0.0
279,4.0,8.0,2.0,2.0,6.0,0.0,5.0,1.0,2.0,0.0
280,0.0,1.0,3.0,0.0,0.0,0.0,3.0,0.0,0.0,0.0
281,3.0,0.0,0.0,0.0,0.0,0.0,2.0,1.0,1.0,0.0
282,0.0,2.0,3.0,0.0,1.0,0.0,0.0,0.0,0.0,1.0
283,1.0,2.0,0.0,4.0,0.0,0.0,1.0,0.0,0.0,2.0
284,1.0,0.0,3.0,0.0,0.0,0.0,1.0,0.0,1.0,0.0
285,0.0,2.0,0.0,0.0,7.0,0.0,2.0,6.0,0.0,1.0
286,5.0,3.0,2.0,4.0,1.0,0.0,0.0,8.0,2.0,2.0
287,0.0,2.0,0.0,3.0,0.0,0.0,1.0,3.0,0.0,0.0
288,0.0,0.0,1.0,1.0,0.0,0.0,2.0,0.0,1.0,1.0
289,1.0,0.0,2.0,2.0,1.0,0.0,1.0,4.0,3.0,0.0
290,0.0,0.0,3.0,1.0,0.0,0.0,0.0,1.0,1.0,0.0
291,0.0,0.0,1.0,1.0,0.0,1.0,0.0,0.0,0.0,0.0
292,1.0,3.0,1.0,4.0,2.0,0.0,2.0,2.0,0.0,0.0
293,0.0,0.0,1.0,1.0,1.0,0.0,2.0,5.0,2.0,0.0
294,0.0,0.0,0.0,2.0,1.0,1.0,3.0,4.0,0.0,0.0
295,1.0,0.0,10.0,1.0,0.0,0.0,2.0,8.0,1.0,0.0
296,0.0,0.0,2.0,1.0,3.0,0.0,4.0,2.0,1.0,0.0
297,0.0,0.0,0.0,0.0,0.0,0.0,0.0,0.0,0.0,0.0
298,0.0,1.0,3.0,0.0,3.0,0.0,2.0,1.0,0.0,0.0
299,0.0,2.0,0.0,0.0,3.0,0.0,2.0,2.0,2.0,1.0
300,0.0,0.0,3.0,1.0,1.0,0.0,0.0,3.0,0.0,0.0
301,0.0,0.0,1.0,1.0,0.0,1.0,0.0,3.0,2.0,0.0
302,0.0,4.0,1.0,1.0,5.0,0.0,3.0,3.0,0.0,0.0
303,2.0,4.0,4.0,0.0,11.0,0.0,2.0,6.0,3.0,0.0
304,0.0,2.0,2.0,0.0,1.0,0.0,2.0,0.0,0.0,0.0
305,0.0,0.0,3.0,1.0,1.0,0.0,3.0,4.0,0.0,0.0
306,0.0,0.0,1.0,0.0,1.0,0.0,1.0,1.0,0.0,0.0
307,0.0,0.0,2.0,0.0,1.0,0.0,0.0,2.0,0.0,0.0
308,0.0,0.0,2.0,0.0,2.0,0.0,5.0,6.0,0.0,2.0
309,0.0,0.0,6.0,1.0,0.0,0.0,0.0,2.0,2.0,0.0
310,0.0,1.0,1.0,1.0,0.0,0.0,0.0,0.0,0.0,0.0
311,0.0,0.0,1.0,1.0,0.0,0.0,1.0,0.0,0.0,1.0
312,1.0,2.0,4.0,3.0,1.0,0.0,2.0,1.0,2.0,1.0
313,0.0,0.0,1.0,0.0,0.0,1.0,0.0,0.0,0.0,1.0
314,0.0,0.0,1.0,0.0,0.0,0.0,0.0,0.0,0.0,0.0
315,4.0,2.0,3.0,1.0,4.0,0.0,2.0,9.0,2.0,1.0
316,1.0,2.0,6.0,5.0,3.0,0.0,5.0,0.0,6.0,0.0
317,2.0,2.0,2.0,2.0,3.0,0.0,3.0,1.0,1.0,0.0
318,5.0,2.0,3.0,6.0,3.0,0.0,2.0,8.0,1.0,1.0
319,4.0,0.0,4.0,3.0,1.0,0.0,1.0,6.0,3.0,0.0
320,0.0,1.0,0.0,1.0,3.0,0.0,0.0,5.0,1.0,1.0
321,0.0,5.0,2.0,3.0,4.0,0.0,4.0,3.0,1.0,1.0
322,1.0,3.0,0.0,1.0,2.0,0.0,1.0,2.0,2.0,1.0
323,1.0,4.0,0.0,3.0,1.0,2.0,1.0,4.0,1.0,0.0
324,3.0,0.0,2.0,1.0,0.0,0.0,1.0,1.0,1.0,0.0
325,0.0,3.0,4.0,0.0,1.0,0.0,1.0,4.0,3.0,1.0
326,2.0,0.0,3.0,1.0,0.0,0.0,0.0,3.0,2.0,0.0
327,0.0,4.0,1.0,4.0,6.0,0.0,5.0,4.0,3.0,0.0
328,1.0,0.0,6.0,1.0,0.0,0.0,2.0,0.0,3.0,0.0
329,3.0,1.0,1.0,2.0,1.0,0.0,1.0,1.0,1.0,0.0
330,2.0,3.0,4.0,3.0,0.0,0.0,1.0,1.0,0.0,0.0
331,0.0,1.0,2.0,2.0,2.0,0.0,0.0,1.0,1.0,0.0
332,1.0,0.0,1.0,0.0,0.0,0.0,0.0,0.0,0.0,1.0
333,0.0,0.0,1.0,2.0,0.0,0.0,0.0,0.0,0.0,0.0
334,1.0,3.0,2.0,5.0,4.0,0.0,3.0,1.0,1.0,0.0
335,0.0,0.0,5.0,3.0,0.0,0.0,1.0,0.0,0.0,1.0
336,2.0,1.0,1.0,3.0,1.0,2.0,3.0,3.0,0.0,0.0
337,0.0,0.0,1.0,0.0,1.0,0.0,1.0,4.0,0.0,0.0
338,0.0,1.0,3.0,0.0,0.0,0.0,0.0,0.0,0.0,1.0
339,1.0,2.0,2.0,1.0,0.0,0.0,0.0,1.0,1.0,0.0
340,1.0,0.0,3.0,1.0,0.0,1.0,0.0,5.0,1.0,0.0
341,2.0,2.0,0.0,4.0,0.0,0.0,1.0,0.0,1.0,0.0
342,1.0,4.0,1.0,3.0,4.0,0.0,2.0,2.0,1.0,0.0
343,2.0,3.0,1.0,1.0,2.0,0.0,2.0,6.0,1.0,0.0
344,0.0,0.0,2.0,2.0,0.0,1.0,1.0,12.0,1.0,1.0
345,0.0,5.0,8.0,2.0,1.0,0.0,3.0,2.0,0.0,0.0
346,1.0,1.0,1.0,1.0,2.0,0.0,0.0,1.0,0.0,0.0
347,0.0,0.0,1.0,0.0,3.0,0.0,2.0,1.0,0.0,0.0
348,4.0,0.0,2.0,5.0,0.0,1.0,0.0,1.0,0.0,0.0
349,4.0,5.0,1.0,2.0,1.0,0.0,3.0,0.0,0.0,2.0
350,0.0,0.0,0.0,0.0,2.0,0.0,0.0,4.0,0.0,0.0
351,0.0,1.0,0.0,1.0,2.0,0.0,0.0,3.0,1.0,0.0
352,1.0,2.0,5.0,0.0,2.0,0.0,0.0,1.0,0.0,0.0
353,1.0,0.0,2.0,1.0,1.0,0.0,0.0,1.0,1.0,0.0
354,0.0,1.0,0.0,1.0,0.0,0.0,2.0,3.0,0.0,1.0
355,0.0,7.0,5.0,2.0,2.0,0.0,3.0,3.0,1.0,0.0
356,0.0,0.0,0.0,1.0,0.0,2.0,0.0,0.0,0.0,0.0
357,0.0,0.0,0.0,3.0,0.0,0.0,0.0,0.0,0.0,0.0
358,0.0,0.0,1.0,1.0,0.0,0.0,0.0,0.0,2.0,0.0
359,1.0,2.0,3.0,3.0,2.0,0.0,2.0,2.0,0.0,0.0
360,0.0,1.0,0.0,0.0,1.0,0.0,0.0,0.0,1.0,0.0
361,0.0,0.0,0.0,3.0,0.0,0.0,4.0,0.0,0.0,0.0
362,5.0,3.0,5.0,2.0,0.0,0.0,3.0,3.0,1.0,0.0
363,0.0,2.0,2.0,0.0,4.0,0.0,0.0,9.0,2.0,0.0
364,0.0,0.0,1.0,0.0,1.0,0.0,2.0,2.0,0.0,0.0
365,1.0,1.0,0.0,3.0,2.0,0.0,1.0,4.0,0.0,0.0
366,0.0,2.0,2.0,1.0,0.0,0.0,0.0,4.0,0.0,0.0
367,0.0,0.0,1.0,0.0,0.0,0.0,2.0,1.0,0.0,0.0
368,0.0,0.0,3.0,0.0,0.0,0.0,0.0,1.0,1.0,0.0
369,0.0,0.0,3.0,3.0,0.0,0.0,3.0,5.0,0.0,1.0
370,0.0,0.0,3.0,0.0,3.0,0.0,2.0,7.0,2.0,0.0
371,0.0,0.0,1.0,0.0,1.0,0.0,3.0,1.0,2.0,0.0
372,1.0,5.0,0.0,0.0,2.0,1.0,2.0,0.0,0.0,4.0
373,0.0,2.0,1.0,0.0,1.0,0.0,2.0,1.0,0.0,1.0
374,0.0,0.0,0.0,1.0,0.0,1.0,0.0,2.0,0.0,0.0
375,1.0,0.0,2.0,2.0,3.0,0.0,2.0,3.0,3.0,0.0
376,0.0,0.0,0.0,0.0,0.0,0.0,0.0,1.0,1.0,0.0
377,0.0,2.0,2.0,2.0,1.0,0.0,0.0,1.0,0.0,0.0
378,5.0,1.0,1.0,1.0,4.0,1.0,1.0,7.0,4.0,0.0
379,0.0,0.0,0.0,0.0,2.0,0.0,1.0,3.0,0.0,0.0
380,0.0,2.0,1.0,0.0,2.0,0.0,1.0,1.0,0.0,0.0
381,0.0,1.0,1.0,0.0,0.0,0.0,1.0,0.0,0.0,0.0
382,2.0,2.0,3.0,2.0,1.0,0.0,3.0,5.0,1.0,1.0
383,5.0,7.0,1.0,3.0,5.0,0.0,5.0,4.0,0.0,0.0
384,2.0,2.0,2.0,1.0,5.0,0.0,0.0,4.0,1.0,1.0
385,0.0,5.0,5.0,2.0,3.0,0.0,2.0,1.0,4.0,1.0
386,0.0,1.0,0.0,1.0,2.0,0.0,5.0,2.0,0.0,0.0
387,0.0,1.0,2.0,0.0,0.0,0.0,2.0,1.0,2.0,1.0
388,0.0,0.0,5.0,0.0,2.0,1.0,1.0,0.0,2.0,0.0
389,3.0,1.0,2.0,4.0,0.0,0.0,5.0,2.0,1.0,0.0
390,0.0,2.0,3.0,1.0,1.0,0.0,4.0,2.0,0.0,0.0
391,2.0,0.0,2.0,1.0,0.0,0.0,0.0,0.0,0.0,0.0
392,0.0,7.0,1.0,2.0,1.0,0.0,1.0,2.0,0.0,0.0
393,1.0,2.0,7.0,3.0,8.0,1.0,6.0,7.0,6.0,0.0
394,0.0,1.0,1.0,2.0,2.0,0.0,3.0,6.0,0.0,0.0
395,0.0,0.0,0.0,3.0,0.0,0.0,2.0,0.0,0.0,0.0
396,0.0,2.0,1.0,1.0,1.0,0.0,1.0,3.0,0.0,0.0
397,2.0,5.0,0.0,0.0,1.0,0.0,2.0,2.0,3.0,0.0
398,0.0,6.0,1.0,1.0,2.0,1.0,3.0,3.0,1.0,0.0
399,5.0,2.0,0.0,2.0,0.0,0.0,0.0,0.0,2.0,0.0
400,1.0,2.0,2.0,3.0,1.0,1.0,0.0,2.0,0.0,0.0
401,3.0,2.0,1.0,4.0,1.0,0.0,1.0,6.0,1.0,0.0
402,0.0,1.0,0.0,1.0,0.0,1.0,0.0,0.0,0.0,0.0
403,0.0,1.0,0.0,0.0,2.0,1.0,1.0,2.0,1.0,0.0
404,2.0,0.0,1.0,4.0,1.0,0.0,1.0,0.0,0.0,0.0
405,2.0,2.0,1.0,2.0,5.0,0.0,1.0,4.0,1.0,0.0
406,1.0,3.0,6.0,3.0,3.0,1.0,5.0,4.0,0.0,0.0
407,1.0,4.0,2.0,1.0,0.0,2.0,3.0,3.0,1.0,0.0
408,0.0,0.0,3.0,2.0,0.0,0.0,2.0,3.0,4.0,0.0
409,0.0,7.0,4.0,4.0,6.0,0.0,4.0,9.0,3.0,0.0
410,0.0,1.0,4.0,2.0,4.0,0.0,2.0,6.0,5.0,0.0
411,1.0,2.0,1.0,1.0,0.0,0.0,0.0,0.0,0.0,0.0
412,6.0,3.0,1.0,4.0,0.0,0.0,1.0,2.0,2.0,0.0
413,1.0,0.0,1.0,0.0,0.0,0.0,0.0,0.0,0.0,1.0
414,4.0,2.0,1.0,1.0,0.0,2.0,1.0,0.0,0.0,0.0
415,0.0,4.0,2.0,1.0,2.0,1.0,1.0,6.0,1.0,0.0
416,2.0,2.0,1.0,1.0,0.0,0.0,1.0,0.0,0.0,1.0
417,2.0,2.0,1.0,7.0,1.0,0.0,3.0,2.0,1.0,0.0
418,7.0,6.0,0.0,7.0,8.0,0.0,3.0,3.0,1.0,0.0
419,1.0,2.0,3.0,1.0,0.0,0.0,1.0,0.0,1.0,0.0
420,0.0,0.0,4.0,1.0,3.0,1.0,3.0,3.0,2.0,0.0
421,4.0,3.0,1.0,0.0,4.0,0.0,2.0,5.0,2.0,1.0
422,1.0,2.0,2.0,1.0,0.0,0.0,4.0,3.0,1.0,0.0
423,0.0,1.0,2.0,1.0,0.0,0.0,0.0,0.0,1.0,0.0
424,2.0,2.0,1.0,0.0,2.0,0.0,1.0,1.0,0.0,0.0
425,0.0,2.0,2.0,1.0,2.0,0.0,0.0,8.0,1.0,0.0
426,0.0,0.0,3.0,1.0,0.0,0.0,3.0,3.0,2.0,3.0
427,1.0,0.0,0.0,2.0,1.0,0.0,1.0,2.0,0.0,0.0
428,0.0,2.0,1.0,0.0,4.0,1.0,5.0,0.0,3.0,1.0
429,0.0,3.0,5.0,0.0,0.0,0.0,1.0,0.0,1.0,0.0
430,1.0,1.0,0.0,2.0,0.0,0.0,0.0,1.0,0.0,0.0
431,6.0,4.0,5.0,3.0,0.0,0.0,4.0,4.0,0.0,0.0
432,0.0,3.0,3.0,2.0,4.0,0.0,2.0,3.0,0.0,1.0
433,0.0,2.0,3.0,2.0,3.0,0.0,2.0,4.0,1.0,0.0
434,0.0,0.0,4.0,3.0,0.0,0.0,0.0,1.0,0.0,1.0
435,1.0,2.0,3.0,2.0,1.0,0.0,2.0,1.0,1.0,1.0
436,1.0,1.0,1.0,1.0,2.0,0.0,2.0,4.0,2.0,1.0
437,5.0,2.0,4.0,4.0,0.0,0.0,1.0,3.0,1.0,1.0
438,1.0,0.0,1.0,0.0,1.0,0.0,0.0,2.0,1.0,0.0
439,0.0,3.0,0.0,3.0,0.0,0.0,0.0,0.0,0.0,1.0
440,2.0,2.0,3.0,4.0,0.0,0.0,1.0,1.0,1.0,1.0
441,5.0,2.0,0.0,8.0,0.0,0.0,1.0,0.0,0.0,0.0
442,0.0,1.0,2.0,1.0,1.0,0.0,3.0,2.0,0.0,0.0
443,1.0,1.0,1.0,0.0,0.0,0.0,0.0,2.0,2.0,1.0
444,0.0,0.0,0.0,3.0,0.0,0.0,0.0,0.0,0.0,1.0
445,0.0,2.0,1.0,0.0,0.0,1.0,0.0,1.0,0.0,0.0
446,0.0,2.0,3.0,2.0,0.0,0.0,1.0,2.0,1.0,0.0
447,0.0,0.0,1.0,0.0,0.0,0.0,0.0,0.0,0.0,0.0
448,0.0,1.0,2.0,0.0,0.0,1.0,1.0,1.0,0.0,0.0
449,4.0,2.0,0.0,1.0,2.0,0.0,4.0,2.0,4.0,0.0
450,5.0,0.0,2.0,6.0,0.0,0.0,6.0,0.0,1.0,1.0
451,3.0,5.0,3.0,3.0,0.0,0.0,2.0,1.0,1.0,1.0
452,0.0,1.0,3.0,0.0,1.0,0.0,1.0,1.0,2.0,0.0
453,6.0,9.0,2.0,3.0,0.0,0.0,2.0,1.0,0.0,1.0
454,0.0,0.0,3.0,2.0,0.0,0.0,0.0,2.0,0.0,1.0
455,0.0,3.0,0.0,1.0,2.0,0.0,2.0,2.0,1.0,2.0
456,6.0,3.0,2.0,2.0,0.0,0.0,0.0,1.0,0.0,1.0
457,0.0,5.0,3.0,0.0,2.0,0.0,1.0,1.0,1.0,0.0
458,0.0,1.0,6.0,0.0,5.0,0.0,1.0,3.0,0.0,0.0
459,0.0,0.0,2.0,1.0,0.0,0.0,0.0,0.0,0.0,0.0
460,0.0,1.0,3.0,1.0,0.0,1.0,0.0,1.0,4.0,0.0
461,0.0,0.0,1.0,0.0,0.0,0.0,0.0,0.0,0.0,0.0
462,3.0,2.0,7.0,8.0,0.0,0.0,4.0,1.0,3.0,0.0
463,4.0,2.0,0.0,3.0,0.0,1.0,2.0,3.0,0.0,0.0
464,0.0,2.0,1.0,1.0,0.0,0.0,3.0,1.0,4.0,2.0
465,0.0,4.0,2.0,3.0,2.0,0.0,0.0,1.0,0.0,0.0
466,1.0,1.0,8.0,0.0,0.0,0.0,1.0,3.0,2.0,0.0
467,1.0,2.0,6.0,0.0,0.0,0.0,5.0,0.0,0.0,0.0
468,0.0,1.0,3.0,7.0,0.0,0.0,3.0,7.0,0.0,0.0
469,1.0,5.0,2.0,0.0,2.0,0.0,7.0,0.0,1.0,0.0
470,0.0,1.0,3.0,1.0,4.0,0.0,3.0,5.0,1.0,1.0
471,0.0,1.0,2.0,0.0,0.0,0.0,0.0,0.0,0.0,1.0
472,0.0,0.0,0.0,0.0,0.0,0.0,2.0,3.0,0.0,1.0
473,0.0,2.0,2.0,1.0,0.0,0.0,1.0,1.0,3.0,0.0
474,1.0,5.0,2.0,2.0,1.0,0.0,0.0,2.0,0.0,0.0
475,0.0,2.0,2.0,2.0,6.0,0.0,4.0,1.0,2.0,0.0
476,1.0,3.0,0.0,0.0,0.0,1.0,4.0,1.0,1.0,0.0
477,0.0,0.0,0.0,2.0,0.0,1.0,0.0,0.0,1.0,0.0
478,0.0,0.0,1.0,1.0,1.0,0.0,2.0,3.0,2.0,1.0
479,0.0,0.0,1.0,2.0,0.0,0.0,0.0,0.0,0.0,0.0
480,0.0,3.0,1.0,1.0,3.0,1.0,0.0,3.0,1.0,0.0
481,2.0,6.0,3.0,12.0,0.0,0.0,0.0,2.0,4.0,0.0
482,0.0,6.0,3.0,3.0,1.0,0.0,3.0,1.0,1.0,1.0
483,3.0,9.0,2.0,4.0,1.0,0.0,2.0,5.0,3.0,0.0
484,0.0,1.0,2.0,3.0,0.0,0.0,0.0,3.0,0.0,0.0
485,0.0,0.0,3.0,2.0,0.0,0.0,2.0,0.0,0.0,0.0
486,0.0,1.0,2.0,0.0,3.0,0.0,5.0,5.0,0.0,1.0
487,0.0,0.0,0.0,1.0,0.0,0.0,0.0,0.0,0.0,0.0
488,0.0,6.0,2.0,0.0,2.0,0.0,1.0,5.0,1.0,0.0
489,0.0,0.0,4.0,2.0,0.0,0.0,1.0,2.0,3.0,0.0
490,0.0,1.0,3.0,2.0,6.0,0.0,2.0,6.0,3.0,0.0
491,0.0,4.0,1.0,2.0,7.0,1.0,4.0,2.0,4.0,0.0
492,1.0,4.0,0.0,3.0,0.0,0.0,0.0,0.0,0.0,0.0
493,10.0,3.0,1.0,3.0,0.0,0.0,2.0,1.0,0.0,0.0
494,2.0,2.0,0.0,4.0,1.0,0.0,1.0,0.0,0.0,0.0
495,0.0,0.0,1.0,2.0,0.0,0.0,1.0,0.0,0.0,0.0
496,1.0,0.0,1.0,1.0,0.0,0.0,0.0,0.0,0.0,0.0
497,0.0,4.0,3.0,1.0,0.0,0.0,3.0,1.0,1.0,0.0
498,0.0,4.0,3.0,0.0,3.0,0.0,0.0,1.0,0.0,0.0
499,0.0,0.0,0.0,0.0,0.0,0.0,0.0,0.0,0.0,1.0
500,5.0,5.0,2.0,4.0,0.0,0.0,5.0,3.0,0.0,1.0
501,0.0,1.0,5.0,3.0,0.0,0.0,3.0,1.0,5.0,0.0
502,0.0,8.0,4.0,1.0,5.0,0.0,5.0,2.0,5.0,0.0
503,1.0,0.0,3.0,2.0,0.0,0.0,2.0,1.0,2.0,0.0
504,0.0,1.0,3.0,3.0,0.0,0.0,1.0,2.0,0.0,1.0
505,0.0,0.0,2.0,2.0,1.0,0.0,3.0,1.0,0.0,0.0
506,1.0,1.0,4.0,1.0,1.0,1.0,6.0,2.0,1.0,0.0
507,0.0,0.0,1.0,2.0,0.0,0.0,0.0,0.0,0.0,0.0
508,1.0,3.0,1.0,0.0,0.0,0.0,2.0,1.0,0.0,0.0
509,0.0,0.0,1.0,0.0,0.0,0.0,0.0,0.0,0.0,1.0
510,2.0,4.0,1.0,4.0,1.0,1.0,3.0,4.0,2.0,0.0
511,0.0,1.0,7.0,1.0,0.0,1.0,3.0,2.0,3.0,0.0
512,1.0,2.0,2.0,0.0,2.0,0.0,1.0,1.0,0.0,1.0
513,1.0,1.0,0.0,0.0,0.0,0.0,0.0,0.0,0.0,0.0
514,0.0,3.0,5.0,0.0,2.0,0.0,4.0,0.0,2.0,0.0
515,2.0,4.0,0.0,8.0,0.0,0.0,4.0,0.0,1.0,0.0
516,0.0,3.0,0.0,1.0,0.0,0.0,0.0,0.0,1.0,0.0
517,0.0,7.0,2.0,1.0,1.0,0.0,2.0,2.0,0.0,2.0
518,1.0,1.0,1.0,0.0,0.0,0.0,0.0,4.0,1.0,0.0
519,1.0,1.0,1.0,4.0,0.0,0.0,0.0,2.0,1.0,0.0
520,0.0,1.0,1.0,1.0,0.0,0.0,0.0,3.0,4.0,1.0
521,3.0,3.0,4.0,3.0,1.0,1.0,3.0,1.0,1.0,0.0
522,1.0,2.0,0.0,4.0,1.0,0.0,0.0,4.0,0.0,0.0
523,0.0,1.0,2.0,0.0,0.0,0.0,0.0,0.0,0.0,0.0
524,0.0,0.0,6.0,2.0,0.0,0.0,3.0,1.0,1.0,0.0
525,0.0,0.0,1.0,0.0,1.0,0.0,1.0,1.0,2.0,0.0
526,0.0,0.0,0.0,0.0,0.0,0.0,0.0,1.0,0.0,0.0
527,1.0,4.0,1.0,1.0,0.0,0.0,1.0,1.0,3.0,0.0
528,1.0,2.0,3.0,1.0,0.0,0.0,5.0,2.0,1.0,0.0
529,0.0,1.0,1.0,0.0,0.0,1.0,4.0,1.0,1.0,0.0
530,0.0,2.0,0.0,4.0,1.0,1.0,0.0,0.0,0.0,0.0
531,1.0,1.0,0.0,0.0,0.0,0.0,0.0,2.0,0.0,1.0
532,0.0,2.0,4.0,0.0,3.0,0.0,3.0,0.0,1.0,0.0
533,0.0,1.0,0.0,1.0,1.0,0.0,2.0,4.0,1.0,0.0
534,1.0,5.0,0.0,2.0,1.0,1.0,0.0,0.0,2.0,0.0
535,0.0,0.0,1.0,1.0,0.0,0.0,0.0,0.0,0.0,0.0
536,0.0,1.0,5.0,0.0,3.0,1.0,2.0,1.0,0.0,0.0
537,1.0,0.0,1.0,2.0,0.0,0.0,0.0,0.0,1.0,0.0
538,0.0,2.0,1.0,1.0,1.0,0.0,1.0,4.0,1.0,0.0
539,0.0,1.0,5.0,1.0,1.0,0.0,4.0,3.0,1.0,0.0
540,4.0,3.0,2.0,2.0,5.0,0.0,1.0,0.0,0.0,0.0
541,5.0,4.0,4.0,6.0,1.0,0.0,4.0,0.0,1.0,0.0
542,1.0,2.0,1.0,1.0,1.0,1.0,0.0,2.0,2.0,0.0
543,2.0,0.0,2.0,1.0,0.0,1.0,0.0,0.0,0.0,1.0
544,0.0,3.0,1.0,0.0,1.0,0.0,2.0,2.0,0.0,0.0
545,0.0,0.0,4.0,2.0,0.0,0.0,2.0,0.0,0.0,0.0
546,0.0,0.0,1.0,1.0,0.0,0.0,1.0,1.0,0.0,0.0
547,0.0,0.0,0.0,0.0,0.0,0.0,0.0,0.0,1.0,0.0
548,0.0,3.0,6.0,2.0,0.0,0.0,2.0,6.0,5.0,0.0
549,3.0,2.0,0.0,0.0,1.0,0.0,1.0,2.0,0.0,1.0
550,0.0,0.0,3.0,2.0,0.0,0.0,2.0,1.0,0.0,0.0
551,0.0,0.0,1.0,0.0,0.0,0.0,0.0,0.0,0.0,1.0
552,2.0,2.0,1.0,2.0,2.0,0.0,1.0,4.0,2.0,0.0
553,0.0,0.0,4.0,2.0,0.0,0.0,0.0,0.0,1.0,1.0
554,0.0,0.0,1.0,0.0,3.0,0.0,2.0,3.0,0.0,0.0
555,6.0,5.0,1.0,7.0,2.0,0.0,2.0,4.0,0.0,0.0
556,0.0,3.0,2.0,1.0,4.0,0.0,3.0,6.0,1.0,2.0
557,0.0,0.0,3.0,1.0,1.0,0.0,2.0,3.0,1.0,0.0
558,0.0,0.0,0.0,2.0,0.0,1.0,1.0,1.0,3.0,1.0
559,1.0,1.0,1.0,3.0,1.0,1.0,0.0,1.0,0.0,1.0
560,2.0,3.0,2.0,4.0,0.0,0.0,8.0,10.0,4.0,0.0
561,0.0,2.0,2.0,0.0,2.0,0.0,4.0,0.0,0.0,1.0
562,3.0,1.0,1.0,4.0,3.0,0.0,6.0,1.0,0.0,0.0
563,0.0,1.0,0.0,1.0,2.0,0.0,1.0,2.0,0.0,0.0
564,0.0,1.0,1.0,1.0,3.0,0.0,3.0,0.0,3.0,0.0
565,8.0,8.0,0.0,5.0,4.0,0.0,1.0,2.0,2.0,0.0
566,0.0,0.0,1.0,2.0,0.0,0.0,0.0,4.0,0.0,0.0
567,1.0,0.0,1.0,1.0,0.0,1.0,1.0,0.0,0.0,0.0
568,2.0,1.0,8.0,0.0,0.0,0.0,6.0,5.0,1.0,1.0
569,7.0,3.0,4.0,6.0,0.0,0.0,2.0,4.0,0.0,1.0
570,0.0,0.0,1.0,0.0,0.0,0.0,0.0,0.0,1.0,0.0
571,0.0,1.0,4.0,2.0,3.0,0.0,6.0,2.0,2.0,0.0
572,0.0,0.0,1.0,1.0,1.0,0.0,0.0,1.0,2.0,0.0
573,2.0,0.0,1.0,2.0,0.0,0.0,3.0,0.0,3.0,0.0
574,0.0,2.0,1.0,2.0,2.0,0.0,3.0,1.0,2.0,0.0
575,1.0,1.0,1.0,1.0,5.0,0.0,3.0,2.0,1.0,0.0
576,0.0,1.0,1.0,0.0,0.0,0.0,0.0,1.0,0.0,0.0
577,0.0,2.0,0.0,5.0,1.0,1.0,2.0,3.0,2.0,0.0
578,7.0,4.0,1.0,5.0,0.0,0.0,3.0,1.0,1.0,0.0
579,0.0,3.0,1.0,1.0,0.0,0.0,1.0,1.0,0.0,0.0
580,0.0,0.0,1.0,2.0,0.0,0.0,1.0,0.0,0.0,0.0
581,0.0,0.0,3.0,1.0,2.0,0.0,1.0,0.0,0.0,0.0
582,0.0,1.0,3.0,3.0,0.0,0.0,0.0,0.0,0.0,0.0
583,0.0,1.0,0.0,0.0,2.0,0.0,0.0,1.0,0.0,0.0
584,0.0,1.0,1.0,0.0,0.0,0.0,0.0,1.0,0.0,0.0
585,0.0,0.0,2.0,0.0,0.0,1.0,0.0,0.0,0.0,0.0
586,1.0,3.0,0.0,1.0,3.0,0.0,2.0,2.0,0.0,0.0
587,2.0,0.0,2.0,1.0,0.0,0.0,0.0,0.0,0.0,0.0
588,0.0,1.0,1.0,0.0,1.0,0.0,0.0,4.0,0.0,0.0
589,0.0,3.0,6.0,0.0,3.0,0.0,0.0,5.0,6.0,0.0
590,0.0,0.0,4.0,0.0,0.0,0.0,5.0,3.0,0.0,1.0
591,0.0,0.0,4.0,0.0,0.0,0.0,2.0,3.0,2.0,0.0
592,0.0,0.0,1.0,0.0,1.0,0.0,0.0,0.0,0.0,0.0
593,1.0,2.0,4.0,0.0,0.0,0.0,2.0,0.0,0.0,1.0
594,0.0,4.0,2.0,1.0,1.0,0.0,9.0,2.0,3.0,0.0
595,1.0,1.0,2.0,2.0,0.0,0.0,1.0,0.0,0.0,0.0
596,3.0,3.0,4.0,2.0,1.0,0.0,0.0,3.0,1.0,0.0
597,0.0,1.0,2.0,0.0,1.0,0.0,2.0,4.0,0.0,0.0
598,0.0,1.0,3.0,1.0,1.0,0.0,0.0,3.0,0.0,0.0
599,0.0,0.0,3.0,2.0,0.0,1.0,4.0,0.0,0.0,0.0
600,0.0,0.0,2.0,2.0,0.0,0.0,0.0,1.0,0.0,1.0
601,0.0,0.0,2.0,3.0,0.0,1.0,0.0,0.0,0.0,1.0
602,0.0,1.0,1.0,1.0,0.0,0.0,0.0,0.0,0.0,0.0
603,3.0,1.0,3.0,3.0,1.0,0.0,1.0,3.0,3.0,0.0
604,0.0,1.0,3.0,0.0,1.0,0.0,3.0,2.0,1.0,0.0
605,1.0,1.0,1.0,0.0,1.0,1.0,1.0,5.0,1.0,0.0
606,1.0,1.0,1.0,2.0,0.0,1.0,1.0,0.0,0.0,0.0
607,8.0,0.0,5.0,5.0,0.0,0.0,6.0,2.0,1.0,1.0
608,5.0,2.0,0.0,6.0,0.0,0.0,0.0,0.0,0.0,0.0
609,1.0,1.0,4.0,2.0,2.0,1.0,1.0,2.0,2.0,0.0
610,1.0,6.0,1.0,4.0,0.0,2.0,1.0,0.0,0.0,0.0
611,1.0,0.0,2.0,2.0,0.0,0.0,0.0,0.0,0.0,0.0
612,1.0,1.0,1.0,2.0,0.0,0.0,1.0,3.0,0.0,0.0
613,2.0,1.0,0.0,2.0,0.0,0.0,0.0,0.0,1.0,0.0
614,1.0,0.0,1.0,1.0,1.0,0.0,1.0,0.0,1.0,0.0
615,0.0,0.0,1.0,1.0,1.0,1.0,0.0,0.0,0.0,0.0
616,0.0,0.0,3.0,3.0,4.0,0.0,1.0,4.0,0.0,0.0
617,3.0,5.0,0.0,1.0,2.0,0.0,3.0,4.0,1.0,1.0
618,1.0,2.0,4.0,4.0,0.0,1.0,1.0,4.0,0.0,0.0
619,0.0,2.0,1.0,2.0,0.0,0.0,3.0,0.0,0.0,1.0
620,0.0,0.0,3.0,2.0,0.0,0.0,1.0,1.0,0.0,1.0
621,0.0,0.0,2.0,0.0,0.0,0.0,1.0,2.0,2.0,0.0
622,0.0,0.0,0.0,2.0,0.0,1.0,0.0,0.0,0.0,1.0
623,3.0,3.0,1.0,6.0,0.0,0.0,1.0,0.0,0.0,0.0
624,0.0,1.0,1.0,3.0,0.0,1.0,2.0,0.0,0.0,0.0
625,4.0,2.0,1.0,4.0,1.0,0.0,2.0,3.0,0.0,0.0
626,1.0,3.0,1.0,0.0,1.0,2.0,1.0,6.0,2.0,0.0
627,1.0,3.0,2.0,3.0,5.0,0.0,2.0,2.0,2.0,0.0
628,0.0,2.0,6.0,3.0,3.0,0.0,0.0,2.0,1.0,0.0
629,3.0,0.0,3.0,4.0,4.0,0.0,4.0,2.0,0.0,0.0
630,1.0,3.0,2.0,0.0,2.0,0.0,1.0,4.0,0.0,0.0
631,1.0,2.0,3.0,0.0,1.0,0.0,1.0,0.0,0.0,0.0
632,1.0,4.0,2.0,2.0,0.0,0.0,1.0,8.0,1.0,0.0
633,0.0,1.0,1.0,1.0,5.0,1.0,6.0,6.0,2.0,0.0
634,2.0,1.0,7.0,3.0,0.0,2.0,1.0,2.0,2.0,0.0
635,1.0,0.0,1.0,3.0,1.0,2.0,0.0,1.0,0.0,0.0
636,0.0,0.0,2.0,0.0,2.0,0.0,2.0,7.0,0.0,0.0
637,0.0,1.0,1.0,0.0,0.0,0.0,0.0,1.0,0.0,0.0
638,1.0,3.0,4.0,2.0,0.0,0.0,0.0,1.0,0.0,0.0
639,0.0,1.0,1.0,1.0,2.0,0.0,0.0,3.0,1.0,1.0
640,5.0,1.0,0.0,1.0,0.0,1.0,0.0,1.0,1.0,0.0
641,0.0,2.0,3.0,2.0,0.0,0.0,1.0,1.0,0.0,1.0
642,0.0,0.0,1.0,1.0,0.0,0.0,0.0,0.0,0.0,0.0
643,0.0,1.0,1.0,0.0,0.0,0.0,0.0,1.0,1.0,0.0
644,0.0,1.0,1.0,0.0,1.0,0.0,3.0,7.0,0.0,0.0
645,2.0,6.0,2.0,4.0,1.0,0.0,2.0,0.0,2.0,0.0
646,0.0,0.0,2.0,0.0,0.0,0.0,1.0,1.0,0.0,0.0
647,0.0,1.0,1.0,1.0,0.0,0.0,1.0,0.0,1.0,0.0
648,4.0,3.0,2.0,1.0,3.0,0.0,3.0,9.0,2.0,0.0
649,0.0,3.0,5.0,2.0,2.0,0.0,2.0,6.0,3.0,0.0
650,0.0,0.0,2.0,2.0,0.0,0.0,1.0,0.0,0.0,0.0
651,0.0,3.0,0.0,1.0,4.0,0.0,6.0,6.0,3.0,0.0
652,0.0,0.0,1.0,1.0,0.0,1.0,1.0,1.0,3.0,0.0
653,3.0,0.0,1.0,2.0,0.0,0.0,0.0,2.0,0.0,0.0
654,0.0,1.0,3.0,0.0,4.0,1.0,2.0,2.0,1.0,0.0
655,0.0,1.0,1.0,1.0,0.0,0.0,4.0,5.0,0.0,0.0
656,0.0,1.0,2.0,2.0,0.0,0.0,2.0,6.0,3.0,0.0
657,0.0,0.0,1.0,1.0,0.0,1.0,0.0,0.0,0.0,0.0
658,2.0,1.0,2.0,2.0,0.0,0.0,3.0,3.0,2.0,0.0
659,0.0,0.0,3.0,2.0,0.0,0.0,1.0,1.0,0.0,0.0
660,0.0,2.0,1.0,1.0,4.0,1.0,4.0,6.0,0.0,0.0
661,0.0,1.0,1.0,2.0,0.0,0.0,0.0,1.0,0.0,0.0
662,2.0,3.0,1.0,2.0,0.0,0.0,0.0,0.0,0.0,0.0
663,2.0,2.0,0.0,2.0,0.0,1.0,0.0,0.0,0.0,0.0
664,0.0,0.0,0.0,2.0,0.0,1.0,3.0,2.0,0.0,0.0
665,3.0,3.0,1.0,1.0,0.0,1.0,0.0,2.0,2.0,0.0
666,0.0,0.0,1.0,1.0,1.0,0.0,0.0,6.0,1.0,0.0
667,0.0,4.0,2.0,1.0,1.0,0.0,1.0,1.0,2.0,0.0
668,2.0,4.0,6.0,6.0,0.0,1.0,2.0,1.0,2.0,0.0
669,4.0,0.0,0.0,1.0,0.0,0.0,0.0,0.0,0.0,0.0
670,2.0,3.0,1.0,1.0,3.0,0.0,1.0,1.0,0.0,0.0
671,0.0,2.0,5.0,0.0,0.0,1.0,2.0,3.0,1.0,0.0
672,1.0,1.0,9.0,0.0,6.0,0.0,6.0,4.0,6.0,0.0
673,0.0,0.0,1.0,0.0,0.0,0.0,1.0,4.0,1.0,1.0
674,2.0,8.0,2.0,2.0,0.0,0.0,5.0,1.0,0.0,0.0
675,0.0,2.0,2.0,1.0,5.0,0.0,0.0,5.0,1.0,0.0
676,3.0,4.0,5.0,0.0,1.0,1.0,5.0,4.0,1.0,0.0
677,2.0,3.0,1.0,0.0,0.0,1.0,3.0,1.0,1.0,0.0
678,4.0,4.0,1.0,5.0,0.0,0.0,0.0,0.0,0.0,1.0
679,0.0,0.0,2.0,1.0,0.0,0.0,2.0,0.0,0.0,0.0
680,0.0,3.0,4.0,0.0,3.0,0.0,2.0,5.0,0.0,0.0
681,1.0,2.0,0.0,0.0,0.0,0.0,0.0,0.0,0.0,2.0
682,1.0,0.0,0.0,1.0,2.0,0.0,2.0,1.0,0.0,1.0
683,2.0,2.0,1.0,0.0,3.0,0.0,2.0,5.0,2.0,1.0
684,0.0,0.0,1.0,2.0,0.0,1.0,0.0,1.0,1.0,1.0
685,0.0,0.0,0.0,1.0,3.0,0.0,2.0,3.0,0.0,0.0
686,2.0,1.0,2.0,1.0,0.0,0.0,1.0,0.0,0.0,1.0
687,0.0,3.0,3.0,1.0,5.0,0.0,3.0,1.0,1.0,1.0
688,0.0,0.0,2.0,0.0,1.0,0.0,0.0,0.0,1.0,0.0
689,4.0,7.0,1.0,5.0,1.0,0.0,4.0,1.0,2.0,1.0
690,4.0,1.0,0.0,1.0,0.0,0.0,1.0,0.0,0.0,1.0
691,1.0,3.0,0.0,2.0,4.0,0.0,2.0,2.0,1.0,0.0
692,1.0,3.0,5.0,1.0,1.0,1.0,3.0,0.0,0.0,0.0
693,0.0,0.0,1.0,0.0,0.0,0.0,1.0,0.0,1.0,2.0
694,0.0,1.0,0.0,0.0,0.0,0.0,0.0,2.0,0.0,1.0
695,1.0,1.0,0.0,0.0,0.0,0.0,0.0,2.0,0.0,1.0
696,0.0,2.0,2.0,2.0,0.0,1.0,0.0,0.0,0.0,0.0
697,1.0,0.0,0.0,3.0,9.0,0.0,4.0,3.0,2.0,0.0
698,0.0,2.0,2.0,5.0,4.0,0.0,3.0,3.0,2.0,0.0
699,1.0,0.0,2.0,0.0,1.0,0.0,0.0,3.0,0.0,0.0
700,2.0,4.0,7.0,0.0,4.0,1.0,2.0,4.0,1.0,0.0
701,1.0,5.0,0.0,3.0,5.0,0.0,6.0,6.0,1.0,0.0
702,4.0,1.0,2.0,1.0,1.0,1.0,1.0,2.0,0.0,0.0
703,2.0,1.0,0.0,3.0,0.0,0.0,4.0,3.0,5.0,0.0
704,1.0,1.0,5.0,3.0,5.0,0.0,6.0,7.0,4.0,0.0
705,0.0,0.0,3.0,2.0,2.0,0.0,3.0,2.0,1.0,0.0
706,3.0,5.0,4.0,6.0,0.0,0.0,4.0,0.0,0.0,3.0
707,0.0,1.0,1.0,1.0,3.0,0.0,3.0,3.0,2.0,0.0
708,0.0,1.0,1.0,0.0,4.0,0.0,1.0,2.0,2.0,0.0
709,0.0,0.0,0.0,1.0,0.0,0.0,0.0,0.0,0.0,0.0
710,1.0,0.0,1.0,3.0,0.0,0.0,0.0,0.0,1.0,1.0
711,3.0,6.0,2.0,4.0,0.0,1.0,4.0,0.0,2.0,0.0
712,0.0,1.0,2.0,1.0,0.0,0.0,0.0,0.0,0.0,0.0
713,1.0,2.0,0.0,3.0,0.0,0.0,2.0,0.0,1.0,0.0
714,0.0,2.0,0.0,2.0,0.0,0.0,0.0,2.0,0.0,0.0
715,1.0,3.0,2.0,2.0,1.0,0.0,3.0,2.0,1.0,1.0
716,2.0,4.0,2.0,3.0,0.0,0.0,0.0,0.0,0.0,2.0
717,1.0,0.0,1.0,1.0,0.0,0.0,2.0,1.0,0.0,0.0
718,0.0,4.0,3.0,0.0,1.0,0.0,1.0,1.0,1.0,0.0
719,0.0,2.0,3.0,0.0,0.0,0.0,5.0,4.0,0.0,0.0
720,3.0,3.0,2.0,2.0,2.0,1.0,3.0,1.0,0.0,0.0
721,0.0,0.0,1.0,0.0,0.0,0.0,1.0,1.0,0.0,1.0
722,0.0,1.0,2.0,1.0,1.0,0.0,2.0,3.0,1.0,0.0
723,2.0,2.0,2.0,4.0,3.0,0.0,1.0,0.0,0.0,0.0
724,1.0,1.0,4.0,3.0,0.0,0.0,4.0,3.0,3.0,1.0
725,0.0,4.0,3.0,0.0,2.0,0.0,3.0,0.0,1.0,2.0
726,1.0,0.0,0.0,2.0,0.0,0.0,2.0,1.0,1.0,0.0
727,0.0,2.0,5.0,0.0,4.0,0.0,0.0,2.0,2.0,0.0
728,1.0,2.0,1.0,0.0,0.0,0.0,0.0,1.0,0.0,0.0
729,1.0,2.0,0.0,1.0,0.0,0.0,1.0,0.0,0.0,0.0
730,0.0,0.0,0.0,1.0,0.0,0.0,0.0,0.0,0.0,0.0
731,1.0,3.0,2.0,2.0,0.0,1.0,0.0,0.0,2.0,0.0
732,2.0,1.0,1.0,1.0,0.0,0.0,1.0,2.0,0.0,0.0
733,0.0,1.0,2.0,1.0,3.0,0.0,7.0,8.0,0.0,1.0
734,0.0,7.0,1.0,0.0,4.0,0.0,1.0,4.0,5.0,1.0
735,0.0,3.0,1.0,2.0,1.0,0.0,1.0,3.0,0.0,0.0
736,0.0,0.0,4.0,1.0,1.0,0.0,0.0,1.0,0.0,1.0
737,0.0,0.0,1.0,3.0,0.0,0.0,0.0,1.0,1.0,0.0
738,1.0,3.0,1.0,0.0,0.0,1.0,1.0,1.0,0.0,0.0
739,1.0,1.0,2.0,1.0,1.0,0.0,3.0,4.0,1.0,0.0
740,0.0,0.0,4.0,0.0,1.0,0.0,2.0,2.0,0.0,0.0
741,3.0,1.0,4.0,2.0,2.0,0.0,3.0,1.0,0.0,1.0
742,1.0,1.0,4.0,1.0,1.0,0.0,1.0,4.0,3.0,0.0
743,0.0,1.0,2.0,4.0,1.0,0.0,0.0,5.0,0.0,0.0
744,0.0,2.0,0.0,0.0,0.0,0.0,0.0,0.0,0.0,0.0
745,0.0,1.0,3.0,0.0,0.0,0.0,0.0,0.0,0.0,1.0
746,0.0,3.0,3.0,2.0,1.0,0.0,0.0,8.0,2.0,0.0
747,2.0,0.0,1.0,3.0,1.0,0.0,1.0,0.0,0.0,0.0
748,7.0,4.0,1.0,5.0,0.0,1.0,1.0,1.0,0.0,0.0
749,5.0,5.0,0.0,7.0,0.0,0.0,2.0,5.0,2.0,0.0
750,0.0,2.0,1.0,2.0,1.0,0.0,3.0,0.0,2.0,1.0
751,0.0,2.0,1.0,0.0,1.0,0.0,0.0,1.0,0.0,0.0
752,5.0,4.0,2.0,2.0,1.0,0.0,0.0,1.0,0.0,0.0
753,3.0,2.0,2.0,3.0,0.0,0.0,1.0,0.0,0.0,0.0
754,0.0,1.0,2.0,1.0,0.0,0.0,0.0,0.0,0.0,0.0
755,1.0,1.0,1.0,2.0,2.0,0.0,3.0,0.0,0.0,0.0
756,5.0,2.0,2.0,0.0,0.0,0.0,2.0,4.0,0.0,0.0
757,3.0,0.0,1.0,0.0,0.0,0.0,0.0,2.0,0.0,0.0
758,0.0,0.0,0.0,0.0,0.0,0.0,0.0,0.0,0.0,0.0
759,0.0,2.0,4.0,0.0,5.0,1.0,5.0,2.0,2.0,0.0
760,4.0,3.0,3.0,5.0,3.0,0.0,2.0,1.0,0.0,0.0
761,0.0,0.0,4.0,0.0,0.0,2.0,2.0,1.0,1.0,0.0
762,1.0,0.0,6.0,4.0,0.0,0.0,2.0,0.0,1.0,1.0
763,3.0,3.0,4.0,3.0,0.0,0.0,2.0,0.0,0.0,0.0
764,1.0,1.0,0.0,2.0,0.0,0.0,1.0,0.0,0.0,0.0
765,0.0,0.0,1.0,2.0,1.0,0.0,3.0,5.0,0.0,2.0
766,1.0,0.0,3.0,0.0,0.0,1.0,0.0,2.0,1.0,1.0
767,0.0,2.0,1.0,0.0,5.0,0.0,4.0,5.0,0.0,0.0
768,0.0,2.0,2.0,3.0,3.0,0.0,4.0,2.0,2.0,1.0
769,0.0,4.0,1.0,0.0,2.0,1.0,2.0,5.0,3.0,2.0
770,0.0,1.0,1.0,1.0,0.0,1.0,0.0,0.0,0.0,1.0
771,2.0,0.0,0.0,2.0,0.0,1.0,0.0,0.0,0.0,0.0
772,0.0,0.0,0.0,1.0,1.0,0.0,1.0,4.0,0.0,0.0
773,0.0,2.0,2.0,0.0,0.0,0.0,0.0,6.0,0.0,0.0
774,0.0,0.0,4.0,1.0,0.0,0.0,4.0,0.0,0.0,0.0
775,0.0,0.0,2.0,0.0,0.0,1.0,3.0,2.0,0.0,0.0
776,0.0,0.0,2.0,1.0,0.0,0.0,2.0,0.0,0.0,0.0
777,0.0,0.0,3.0,1.0,0.0,0.0,1.0,3.0,0.0,1.0
778,1.0,2.0,0.0,3.0,0.0,0.0,3.0,2.0,0.0,0.0
779,3.0,2.0,0.0,0.0,4.0,0.0,2.0,5.0,0.0,0.0
780,2.0,3.0,0.0,3.0,2.0,0.0,1.0,1.0,2.0,0.0
781,0.0,0.0,1.0,0.0,0.0,2.0,0.0,0.0,0.0,0.0
782,0.0,4.0,1.0,0.0,1.0,0.0,0.0,5.0,1.0,1.0
783,2.0,4.0,1.0,5.0,0.0,0.0,0.0,0.0,0.0,0.0
784,0.0,0.0,1.0,2.0,0.0,0.0,2.0,0.0,0.0,0.0
785,0.0,1.0,0.0,0.0,0.0,0.0,1.0,1.0,0.0,1.0
786,1.0,0.0,1.0,2.0,0.0,0.0,0.0,1.0,0.0,0.0
787,0.0,0.0,1.0,3.0,0.0,0.0,0.0,0.0,0.0,0.0
788,1.0,4.0,0.0,2.0,3.0,0.0,2.0,5.0,2.0,0.0
789,0.0,2.0,3.0,2.0,1.0,0.0,2.0,3.0,1.0,0.0
790,1.0,4.0,1.0,2.0,3.0,0.0,7.0,5.0,4.0,0.0
791,0.0,0.0,3.0,2.0,0.0,0.0,1.0,0.0,0.0,0.0
792,0.0,5.0,0.0,0.0,3.0,0.0,0.0,1.0,0.0,0.0
793,0.0,1.0,0.0,1.0,0.0,0.0,0.0,2.0,1.0,0.0
794,1.0,0.0,3.0,2.0,0.0,0.0,1.0,2.0,2.0,0.0
795,0.0,1.0,1.0,0.0,0.0,0.0,0.0,0.0,0.0,0.0
796,1.0,4.0,6.0,2.0,4.0,0.0,3.0,5.0,3.0,0.0
797,1.0,4.0,0.0,4.0,0.0,1.0,1.0,0.0,1.0,0.0
798,0.0,0.0,1.0,1.0,0.0,0.0,1.0,0.0,0.0,0.0
799,0.0,0.0,2.0,0.0,3.0,0.0,1.0,2.0,6.0,0.0
800,1.0,0.0,0.0,1.0,1.0,0.0,2.0,3.0,0.0,0.0
801,1.0,0.0,0.0,2.0,0.0,0.0,0.0,0.0,0.0,0.0
802,0.0,3.0,2.0,1.0,2.0,0.0,0.0,1.0,2.0,0.0
803,0.0,0.0,3.0,1.0,0.0,1.0,0.0,2.0,1.0,0.0
804,0.0,0.0,1.0,1.0,1.0,1.0,1.0,1.0,0.0,0.0
805,1.0,0.0,0.0,1.0,0.0,0.0,0.0,0.0,0.0,0.0
806,0.0,2.0,3.0,4.0,7.0,0.0,4.0,1.0,3.0,0.0
807,0.0,3.0,7.0,4.0,6.0,0.0,6.0,10.0,4.0,0.0
808,0.0,1.0,0.0,2.0,0.0,0.0,1.0,3.0,0.0,1.0
809,2.0,2.0,2.0,1.0,0.0,0.0,1.0,1.0,0.0,0.0
810,2.0,2.0,1.0,5.0,0.0,0.0,2.0,0.0,0.0,0.0
811,3.0,2.0,3.0,1.0,1.0,0.0,2.0,4.0,2.0,0.0
812,2.0,3.0,2.0,1.0,4.0,0.0,2.0,3.0,2.0,0.0
813,2.0,2.0,6.0,2.0,1.0,1.0,1.0,2.0,0.0,0.0
814,2.0,3.0,0.0,1.0,2.0,0.0,0.0,2.0,0.0,0.0
815,0.0,0.0,1.0,3.0,0.0,0.0,0.0,0.0,0.0,0.0
816,0.0,0.0,2.0,1.0,4.0,1.0,3.0,7.0,1.0,0.0
817,1.0,0.0,2.0,0.0,0.0,0.0,0.0,0.0,1.0,0.0
818,0.0,6.0,5.0,0.0,4.0,0.0,3.0,8.0,3.0,0.0
819,0.0,2.0,1.0,2.0,0.0,0.0,1.0,1.0,0.0,1.0
820,0.0,0.0,2.0,2.0,6.0,0.0,3.0,4.0,0.0,0.0
821,0.0,0.0,3.0,0.0,0.0,0.0,2.0,1.0,2.0,4.0
822,2.0,2.0,1.0,0.0,0.0,0.0,0.0,1.0,0.0,0.0
823,1.0,2.0,0.0,0.0,4.0,0.0,3.0,5.0,2.0,0.0
824,0.0,2.0,1.0,0.0,5.0,0.0,2.0,10.0,2.0,0.0
825,0.0,1.0,1.0,0.0,0.0,0.0,3.0,3.0,0.0,0.0
826,2.0,2.0,1.0,3.0,0.0,0.0,4.0,0.0,3.0,0.0
827,2.0,2.0,0.0,2.0,1.0,0.0,2.0,1.0,1.0,0.0
828,0.0,1.0,1.0,0.0,0.0,0.0,0.0,0.0,0.0,0.0
829,0.0,1.0,4.0,1.0,1.0,0.0,0.0,6.0,1.0,0.0
830,3.0,5.0,1.0,3.0,2.0,0.0,2.0,3.0,2.0,0.0
831,0.0,3.0,0.0,2.0,0.0,1.0,0.0,0.0,0.0,0.0
832,1.0,5.0,0.0,4.0,0.0,0.0,2.0,0.0,1.0,0.0
833,0.0,1.0,2.0,2.0,1.0,0.0,3.0,4.0,1.0,0.0
834,0.0,0.0,3.0,2.0,0.0,0.0,1.0,4.0,0.0,0.0
835,0.0,0.0,2.0,3.0,0.0,0.0,0.0,0.0,0.0,0.0
836,0.0,1.0,3.0,1.0,1.0,0.0,1.0,0.0,1.0,0.0
837,2.0,8.0,3.0,3.0,3.0,1.0,4.0,1.0,1.0,0.0
838,0.0,1.0,1.0,0.0,0.0,0.0,1.0,0.0,0.0,0.0
839,2.0,3.0,3.0,0.0,1.0,0.0,5.0,7.0,3.0,2.0
840,2.0,0.0,2.0,1.0,0.0,0.0,1.0,1.0,0.0,0.0
841,2.0,1.0,2.0,1.0,0.0,0.0,0.0,0.0,0.0,0.0
842,4.0,3.0,0.0,7.0,0.0,0.0,1.0,0.0,0.0,0.0
843,2.0,2.0,6.0,1.0,0.0,0.0,0.0,3.0,2.0,0.0
844,0.0,4.0,2.0,1.0,7.0,0.0,3.0,3.0,1.0,1.0
845,0.0,1.0,2.0,1.0,1.0,0.0,2.0,4.0,0.0,0.0
846,0.0,0.0,4.0,0.0,4.0,0.0,4.0,1.0,3.0,0.0
847,0.0,2.0,2.0,2.0,0.0,0.0,0.0,0.0,0.0,0.0
848,0.0,0.0,4.0,4.0,0.0,0.0,2.0,1.0,0.0,0.0
849,0.0,1.0,2.0,0.0,0.0,1.0,0.0,0.0,0.0,1.0
850,1.0,1.0,4.0,2.0,1.0,0.0,2.0,5.0,2.0,0.0
851,1.0,0.0,1.0,1.0,0.0,1.0,1.0,0.0,0.0,0.0
852,0.0,0.0,0.0,1.0,0.0,1.0,0.0,0.0,0.0,0.0
853,3.0,6.0,3.0,1.0,1.0,0.0,4.0,6.0,1.0,0.0
854,4.0,4.0,2.0,2.0,0.0,0.0,2.0,4.0,0.0,1.0
855,6.0,0.0,2.0,5.0,0.0,0.0,0.0,0.0,1.0,0.0
856,0.0,0.0,0.0,2.0,0.0,0.0,0.0,0.0,0.0,0.0
857,1.0,1.0,1.0,1.0,0.0,0.0,0.0,3.0,0.0,0.0
858,3.0,7.0,2.0,6.0,5.0,0.0,3.0,2.0,0.0,1.0
859,2.0,2.0,1.0,2.0,0.0,0.0,0.0,0.0,0.0,0.0
860,1.0,1.0,0.0,1.0,0.0,1.0,2.0,0.0,0.0,0.0
861,0.0,2.0,0.0,1.0,2.0,0.0,1.0,0.0,0.0,0.0
862,1.0,1.0,1.0,2.0,0.0,0.0,1.0,0.0,0.0,0.0
863,0.0,0.0,0.0,3.0,2.0,0.0,0.0,0.0,0.0,0.0
864,0.0,3.0,1.0,1.0,0.0,1.0,0.0,0.0,0.0,0.0
865,0.0,1.0,0.0,0.0,1.0,1.0,1.0,1.0,1.0,0.0
866,0.0,1.0,2.0,1.0,0.0,0.0,0.0,0.0,0.0,1.0
867,4.0,2.0,0.0,2.0,1.0,0.0,3.0,2.0,0.0,0.0
868,0.0,1.0,3.0,3.0,1.0,0.0,2.0,0.0,4.0,0.0
869,1.0,2.0,0.0,2.0,4.0,0.0,1.0,3.0,1.0,0.0
870,0.0,0.0,5.0,1.0,0.0,0.0,4.0,0.0,1.0,0.0
871,0.0,0.0,2.0,4.0,4.0,0.0,2.0,2.0,0.0,1.0
872,1.0,0.0,0.0,1.0,1.0,0.0,1.0,0.0,0.0,0.0
873,0.0,0.0,0.0,1.0,0.0,0.0,1.0,0.0,0.0,0.0
874,0.0,2.0,1.0,1.0,0.0,0.0,1.0,5.0,1.0,1.0
875,0.0,1.0,1.0,1.0,1.0,1.0,3.0,1.0,0.0,0.0
876,1.0,2.0,6.0,3.0,1.0,0.0,2.0,4.0,1.0,0.0
877,0.0,0.0,0.0,1.0,0.0,0.0,0.0,0.0,0.0,0.0
878,0.0,1.0,0.0,1.0,0.0,0.0,0.0,0.0,1.0,0.0
879,2.0,4.0,2.0,2.0,2.0,0.0,3.0,3.0,3.0,0.0
880,0.0,0.0,1.0,3.0,1.0,1.0,0.0,1.0,0.0,0.0
881,2.0,4.0,3.0,6.0,3.0,0.0,3.0,1.0,0.0,0.0
882,0.0,1.0,7.0,0.0,1.0,0.0,5.0,4.0,1.0,1.0
883,0.0,0.0,0.0,1.0,0.0,0.0,1.0,3.0,0.0,0.0
884,1.0,1.0,0.0,1.0,0.0,0.0,1.0,0.0,0.0,0.0
885,1.0,2.0,4.0,1.0,2.0,0.0,3.0,1.0,0.0,0.0
886,0.0,0.0,5.0,1.0,0.0,0.0,4.0,2.0,1.0,0.0
887,2.0,2.0,2.0,0.0,0.0,1.0,3.0,1.0,1.0,1.0
888,1.0,1.0,1.0,2.0,0.0,0.0,0.0,4.0,0.0,0.0
889,0.0,2.0,1.0,1.0,0.0,2.0,1.0,0.0,1.0,0.0
890,0.0,1.0,2.0,1.0,2.0,0.0,0.0,1.0,0.0,0.0
891,0.0,0.0,1.0,1.0,0.0,1.0,1.0,0.0,0.0,0.0
892,0.0,4.0,1.0,1.0,1.0,0.0,0.0,0.0,0.0,0.0
893,0.0,1.0,0.0,0.0,6.0,0.0,1.0,0.0,2.0,0.0
894,2.0,0.0,4.0,2.0,0.0,0.0,1.0,4.0,0.0,0.0
895,3.0,3.0,2.0,2.0,3.0,1.0,1.0,8.0,6.0,0.0
896,0.0,2.0,1.0,3.0,0.0,0.0,2.0,1.0,0.0,0.0
897,1.0,2.0,1.0,1.0,4.0,0.0,6.0,9.0,0.0,1.0
898,0.0,1.0,0.0,2.0,0.0,1.0,0.0,0.0,0.0,0.0
899,0.0,0.0,0.0,1.0,0.0,1.0,1.0,0.0,0.0,0.0
900,0.0,0.0,0.0,0.0,0.0,0.0,1.0,2.0,0.0,0.0
901,0.0,4.0,2.0,1.0,4.0,0.0,4.0,8.0,4.0,0.0
902,0.0,2.0,2.0,0.0,2.0,0.0,6.0,0.0,0.0,0.0
903,2.0,1.0,1.0,2.0,0.0,0.0,0.0,0.0,0.0,1.0
904,0.0,1.0,0.0,1.0,0.0,0.0,0.0,0.0,0.0,0.0
905,2.0,1.0,3.0,7.0,1.0,1.0,1.0,3.0,2.0,0.0
906,0.0,1.0,0.0,1.0,3.0,0.0,0.0,7.0,2.0,1.0
907,4.0,7.0,0.0,6.0,1.0,0.0,2.0,2.0,1.0,0.0
908,1.0,0.0,2.0,2.0,0.0,0.0,0.0,2.0,3.0,0.0
909,1.0,2.0,0.0,2.0,1.0,0.0,4.0,0.0,0.0,0.0
910,2.0,0.0,3.0,0.0,0.0,0.0,2.0,1.0,0.0,0.0
911,0.0,1.0,7.0,2.0,2.0,0.0,2.0,6.0,1.0,0.0
912,0.0,5.0,3.0,1.0,5.0,0.0,2.0,6.0,2.0,0.0
913,0.0,1.0,7.0,0.0,1.0,0.0,6.0,4.0,2.0,0.0
914,0.0,0.0,1.0,0.0,0.0,0.0,0.0,0.0,0.0,0.0
915,0.0,0.0,0.0,2.0,1.0,0.0,0.0,2.0,0.0,0.0
916,0.0,0.0,1.0,0.0,0.0,0.0,1.0,0.0,0.0,0.0
917,1.0,1.0,1.0,1.0,0.0,0.0,3.0,3.0,2.0,0.0
918,1.0,5.0,7.0,3.0,2.0,0.0,2.0,1.0,0.0,0.0
919,0.0,2.0,1.0,1.0,0.0,0.0,0.0,1.0,1.0,0.0
920,2.0,2.0,0.0,6.0,0.0,0.0,0.0,1.0,0.0,0.0
921,0.0,0.0,5.0,0.0,2.0,1.0,1.0,2.0,1.0,0.0
922,3.0,2.0,1.0,3.0,0.0,0.0,2.0,0.0,1.0,0.0
923,0.0,1.0,0.0,1.0,0.0,0.0,0.0,1.0,0.0,2.0
924,0.0,2.0,2.0,0.0,0.0,0.0,2.0,1.0,0.0,0.0
925,0.0,0.0,1.0,0.0,1.0,0.0,1.0,6.0,0.0,0.0
926,0.0,3.0,4.0,1.0,0.0,1.0,2.0,2.0,2.0,0.0
927,0.0,2.0,2.0,1.0,0.0,0.0,1.0,1.0,1.0,3.0
928,0.0,2.0,2.0,0.0,2.0,0.0,1.0,3.0,0.0,0.0
929,0.0,1.0,1.0,1.0,3.0,0.0,0.0,3.0,0.0,1.0
930,0.0,0.0,0.0,0.0,0.0,0.0,0.0,0.0,0.0,0.0
931,0.0,1.0,1.0,0.0,0.0,0.0,0.0,0.0,0.0,0.0
932,0.0,1.0,0.0,2.0,0.0,0.0,0.0,0.0,0.0,0.0
933,3.0,2.0,2.0,2.0,0.0,1.0,0.0,1.0,0.0,0.0
934,1.0,1.0,3.0,2.0,0.0,0.0,0.0,4.0,1.0,0.0
935,1.0,1.0,3.0,1.0,0.0,0.0,0.0,0.0,1.0,0.0
936,3.0,3.0,2.0,7.0,0.0,1.0,0.0,1.0,1.0,0.0
937,0.0,1.0,1.0,0.0,1.0,0.0,1.0,3.0,2.0,0.0
938,0.0,1.0,1.0,0.0,1.0,0.0,0.0,3.0,1.0,0.0
939,1.0,0.0,4.0,4.0,0.0,0.0,4.0,5.0,1.0,0.0
940,0.0,1.0,1.0,2.0,2.0,0.0,2.0,1.0,1.0,0.0
941,0.0,0.0,3.0,0.0,0.0,0.0,0.0,1.0,0.0,0.0
942,4.0,7.0,4.0,3.0,5.0,0.0,3.0,5.0,3.0,1.0
943,2.0,3.0,1.0,2.0,0.0,0.0,1.0,5.0,0.0,0.0
944,0.0,0.0,3.0,1.0,0.0,1.0,0.0,3.0,2.0,1.0
945,3.0,3.0,2.0,1.0,1.0,0.0,2.0,7.0,1.0,0.0
946,1.0,1.0,4.0,0.0,0.0,0.0,0.0,9.0,2.0,0.0
947,3.0,3.0,1.0,6.0,1.0,0.0,1.0,0.0,1.0,2.0
948,0.0,1.0,1.0,2.0,0.0,0.0,1.0,0.0,0.0,0.0
949,0.0,1.0,2.0,0.0,1.0,1.0,1.0,4.0,0.0,0.0
950,0.0,2.0,4.0,2.0,3.0,0.0,6.0,8.0,2.0,0.0
951,0.0,1.0,3.0,1.0,0.0,1.0,0.0,0.0,0.0,0.0
952,0.0,0.0,0.0,0.0,1.0,0.0,0.0,3.0,0.0,0.0
953,0.0,0.0,0.0,1.0,0.0,0.0,0.0,0.0,0.0,0.0
954,0.0,0.0,1.0,2.0,0.0,1.0,0.0,2.0,1.0,0.0
955,0.0,0.0,3.0,1.0,4.0,0.0,3.0,1.0,1.0,0.0
956,0.0,6.0,1.0,3.0,1.0,0.0,4.0,3.0,0.0,0.0
957,1.0,6.0,5.0,5.0,1.0,1.0,2.0,4.0,0.0,0.0
958,1.0,3.0,2.0,2.0,1.0,0.0,4.0,8.0,1.0,0.0
959,2.0,1.0,2.0,1.0,2.0,1.0,1.0,4.0,1.0,0.0
960,2.0,9.0,2.0,1.0,5.0,0.0,0.0,5.0,5.0,0.0
961,0.0,0.0,6.0,2.0,0.0,0.0,2.0,0.0,0.0,0.0
962,4.0,3.0,4.0,2.0,3.0,0.0,2.0,1.0,6.0,0.0
963,3.0,5.0,6.0,2.0,0.0,0.0,1.0,4.0,2.0,0.0
964,0.0,4.0,0.0,2.0,2.0,0.0,3.0,5.0,2.0,0.0
965,2.0,1.0,1.0,6.0,0.0,0.0,1.0,0.0,0.0,0.0
966,0.0,0.0,0.0,2.0,0.0,0.0,2.0,7.0,0.0,0.0
967,0.0,3.0,1.0,4.0,1.0,0.0,3.0,4.0,0.0,0.0
968,0.0,2.0,1.0,0.0,0.0,0.0,2.0,0.0,0.0,2.0
969,0.0,0.0,1.0,0.0,1.0,0.0,1.0,4.0,4.0,1.0
970,3.0,2.0,0.0,5.0,0.0,1.0,0.0,1.0,0.0,0.0
971,1.0,4.0,5.0,0.0,5.0,0.0,3.0,4.0,1.0,0.0
972,0.0,0.0,7.0,1.0,1.0,0.0,4.0,7.0,4.0,0.0
973,3.0,0.0,2.0,2.0,0.0,0.0,1.0,1.0,0.0,1.0
974,0.0,2.0,4.0,1.0,1.0,0.0,1.0,4.0,3.0,0.0
975,0.0,1.0,2.0,1.0,1.0,0.0,4.0,3.0,1.0,1.0
976,2.0,0.0,1.0,0.0,0.0,0.0,0.0,4.0,0.0,0.0
977,0.0,1.0,0.0,2.0,1.0,0.0,2.0,2.0,0.0,0.0
978,5.0,4.0,2.0,8.0,1.0,1.0,1.0,1.0,3.0,0.0
979,0.0,1.0,1.0,3.0,2.0,0.0,6.0,6.0,1.0,0.0
980,0.0,0.0,5.0,1.0,1.0,0.0,1.0,3.0,0.0,0.0
981,0.0,0.0,0.0,0.0,2.0,1.0,2.0,0.0,0.0,0.0
982,1.0,2.0,5.0,1.0,0.0,0.0,1.0,6.0,2.0,1.0
983,2.0,2.0,0.0,6.0,5.0,0.0,2.0,1.0,0.0,0.0
984,1.0,2.0,2.0,2.0,0.0,0.0,2.0,2.0,0.0,0.0
985,0.0,1.0,0.0,2.0,0.0,1.0,1.0,4.0,0.0,0.0
986,1.0,1.0,1.0,2.0,0.0,0.0,0.0,1.0,0.0,1.0
987,0.0,2.0,1.0,0.0,1.0,0.0,1.0,3.0,0.0,0.0
988,0.0,3.0,0.0,0.0,0.0,0.0,1.0,1.0,0.0,0.0
989,1.0,0.0,1.0,0.0,4.0,0.0,1.0,3.0,2.0,1.0
990,5.0,4.0,2.0,0.0,0.0,0.0,1.0,0.0,0.0,0.0
991,3.0,0.0,1.0,2.0,0.0,0.0,0.0,1.0,0.0,2.0
992,2.0,3.0,2.0,5.0,0.0,0.0,0.0,2.0,3.0,0.0
993,1.0,2.0,7.0,2.0,0.0,0.0,2.0,4.0,0.0,0.0
994,3.0,4.0,0.0,3.0,0.0,1.0,0.0,0.0,0.0,0.0
995,3.0,8.0,6.0,3.0,1.0,0.0,9.0,4.0,2.0,0.0
996,3.0,4.0,0.0,3.0,1.0,0.0,2.0,1.0,0.0,1.0
997,1.0,1.0,0.0,1.0,1.0,0.0,1.0,2.0,1.0,0.0
998,11.0,6.0,4.0,5.0,0.0,0.0,2.0,6.0,3.0,0.0
999,2.0,1.0,2.0,1.0,0.0,0.0,7.0,0.0,2.0,0.0
