,0,1,2,3,4,5,6,7,8,9,10,11,12,13,14,15,16,17,18,19
0,3.0,2.0,0.0,1.0,0.0,1.0,0.0,0.0,0.0,0.0,0.0,0.0,0.0,0.0,0.0,2.0,0.0,0.0,0.0,0.0
1,3.0,3.0,1.0,2.0,0.0,2.0,0.0,4.0,2.0,0.0,1.0,3.0,1.0,1.0,1.0,3.0,1.0,2.0,4.0,0.0
2,2.0,3.0,0.0,2.0,0.0,0.0,1.0,4.0,0.0,1.0,2.0,1.0,0.0,0.0,0.0,0.0,1.0,0.0,1.0,3.0
3,3.0,5.0,0.0,0.0,0.0,0.0,1.0,3.0,3.0,0.0,0.0,1.0,0.0,1.0,0.0,3.0,2.0,1.0,2.0,0.0
4,1.0,2.0,1.0,2.0,1.0,0.0,1.0,0.0,0.0,0.0,0.0,0.0,1.0,0.0,0.0,1.0,0.0,0.0,2.0,3.0
5,2.0,1.0,0.0,0.0,0.0,0.0,0.0,1.0,4.0,0.0,2.0,3.0,0.0,0.0,2.0,2.0,2.0,1.0,2.0,3.0
6,3.0,1.0,2.0,1.0,2.0,0.0,2.0,3.0,0.0,0.0,2.0,1.0,0.0,1.0,0.0,0.0,1.0,0.0,3.0,2.0
7,1.0,1.0,1.0,0.0,2.0,0.0,0.0,0.0,0.0,0.0,0.0,3.0,0.0,0.0,0.0,0.0,2.0,0.0,0.0,0.0
8,1.0,3.0,3.0,1.0,0.0,0.0,0.0,5.0,0.0,2.0,3.0,4.0,0.0,1.0,1.0,5.0,4.0,2.0,4.0,1.0
9,0.0,1.0,0.0,0.0,0.0,0.0,0.0,0.0,0.0,0.0,2.0,0.0,1.0,0.0,1.0,1.0,0.0,0.0,0.0,1.0
10,0.0,0.0,0.0,0.0,0.0,1.0,0.0,2.0,0.0,0.0,2.0,3.0,0.0,0.0,0.0,0.0,1.0,0.0,1.0,0.0
11,2.0,1.0,0.0,2.0,0.0,0.0,0.0,0.0,0.0,0.0,2.0,1.0,1.0,0.0,1.0,1.0,3.0,1.0,1.0,1.0
12,0.0,1.0,2.0,0.0,0.0,1.0,0.0,1.0,1.0,1.0,1.0,1.0,2.0,0.0,0.0,0.0,0.0,1.0,1.0,0.0
13,3.0,3.0,0.0,1.0,0.0,0.0,0.0,2.0,0.0,1.0,0.0,2.0,1.0,2.0,0.0,0.0,2.0,1.0,1.0,0.0
14,1.0,0.0,0.0,0.0,0.0,0.0,1.0,0.0,0.0,0.0,1.0,0.0,0.0,0.0,0.0,0.0,1.0,2.0,1.0,2.0
15,3.0,0.0,2.0,1.0,0.0,0.0,0.0,2.0,0.0,0.0,4.0,4.0,0.0,0.0,0.0,0.0,1.0,0.0,3.0,1.0
16,4.0,2.0,2.0,1.0,0.0,0.0,0.0,3.0,2.0,1.0,1.0,0.0,1.0,0.0,0.0,3.0,1.0,1.0,1.0,2.0
17,1.0,6.0,0.0,1.0,0.0,0.0,1.0,1.0,0.0,0.0,0.0,3.0,0.0,0.0,0.0,0.0,0.0,0.0,2.0,0.0
18,5.0,5.0,1.0,0.0,0.0,0.0,1.0,6.0,1.0,1.0,1.0,2.0,0.0,1.0,2.0,2.0,0.0,1.0,2.0,1.0
19,2.0,0.0,0.0,0.0,0.0,1.0,0.0,1.0,1.0,0.0,0.0,1.0,0.0,2.0,0.0,2.0,0.0,0.0,3.0,0.0
20,1.0,1.0,0.0,0.0,0.0,1.0,0.0,1.0,0.0,0.0,1.0,3.0,0.0,0.0,0.0,0.0,2.0,0.0,4.0,0.0
21,7.0,4.0,2.0,0.0,0.0,0.0,0.0,1.0,0.0,1.0,0.0,2.0,1.0,0.0,0.0,1.0,0.0,2.0,0.0,2.0
22,1.0,4.0,1.0,2.0,0.0,3.0,1.0,0.0,0.0,0.0,1.0,0.0,1.0,0.0,0.0,0.0,1.0,1.0,1.0,0.0
23,2.0,1.0,1.0,0.0,0.0,0.0,0.0,3.0,0.0,1.0,0.0,4.0,0.0,0.0,0.0,1.0,2.0,0.0,2.0,2.0
24,1.0,1.0,0.0,0.0,0.0,0.0,1.0,0.0,0.0,0.0,0.0,1.0,0.0,0.0,3.0,1.0,2.0,1.0,1.0,3.0
25,0.0,1.0,2.0,1.0,1.0,0.0,1.0,1.0,1.0,2.0,1.0,2.0,0.0,0.0,0.0,0.0,4.0,0.0,5.0,0.0
26,1.0,0.0,1.0,0.0,0.0,1.0,0.0,0.0,1.0,0.0,1.0,1.0,0.0,0.0,0.0,1.0,0.0,2.0,0.0,2.0
27,0.0,2.0,0.0,0.0,0.0,1.0,0.0,2.0,0.0,0.0,1.0,1.0,0.0,1.0,0.0,0.0,1.0,2.0,0.0,1.0
28,0.0,0.0,0.0,0.0,0.0,0.0,0.0,0.0,0.0,0.0,2.0,3.0,0.0,2.0,0.0,0.0,0.0,1.0,1.0,1.0
29,5.0,3.0,0.0,0.0,0.0,0.0,0.0,1.0,1.0,0.0,0.0,3.0,0.0,0.0,2.0,2.0,1.0,1.0,1.0,0.0
30,0.0,0.0,1.0,0.0,1.0,0.0,0.0,0.0,0.0,2.0,5.0,4.0,0.0,1.0,0.0,2.0,3.0,0.0,3.0,1.0
31,0.0,6.0,0.0,1.0,0.0,1.0,0.0,0.0,0.0,0.0,0.0,2.0,0.0,0.0,0.0,1.0,0.0,1.0,0.0,1.0
32,3.0,2.0,0.0,0.0,0.0,1.0,0.0,0.0,0.0,0.0,2.0,1.0,0.0,1.0,0.0,0.0,0.0,0.0,4.0,5.0
33,1.0,1.0,1.0,1.0,0.0,0.0,1.0,1.0,1.0,0.0,0.0,2.0,0.0,2.0,1.0,1.0,0.0,0.0,0.0,0.0
34,3.0,3.0,1.0,1.0,1.0,0.0,1.0,3.0,1.0,0.0,0.0,3.0,0.0,0.0,3.0,1.0,1.0,1.0,0.0,0.0
35,1.0,2.0,0.0,0.0,0.0,4.0,1.0,0.0,0.0,0.0,3.0,1.0,0.0,0.0,0.0,1.0,8.0,2.0,2.0,3.0
36,1.0,3.0,1.0,2.0,0.0,2.0,1.0,1.0,2.0,1.0,4.0,9.0,2.0,2.0,2.0,2.0,3.0,1.0,2.0,0.0
37,1.0,2.0,1.0,0.0,0.0,3.0,0.0,0.0,0.0,1.0,0.0,0.0,0.0,0.0,1.0,1.0,0.0,3.0,0.0,0.0
38,1.0,1.0,0.0,1.0,0.0,1.0,0.0,0.0,0.0,0.0,0.0,3.0,0.0,0.0,0.0,1.0,0.0,0.0,1.0,1.0
39,2.0,4.0,1.0,0.0,1.0,2.0,1.0,1.0,0.0,0.0,5.0,3.0,1.0,2.0,0.0,2.0,7.0,0.0,0.0,0.0
40,0.0,0.0,0.0,0.0,0.0,0.0,0.0,1.0,0.0,0.0,0.0,1.0,1.0,0.0,0.0,0.0,0.0,0.0,0.0,2.0
41,2.0,1.0,0.0,1.0,0.0,4.0,0.0,3.0,1.0,1.0,3.0,3.0,0.0,2.0,1.0,2.0,0.0,3.0,0.0,2.0
42,2.0,1.0,0.0,0.0,1.0,1.0,0.0,1.0,2.0,1.0,1.0,1.0,2.0,1.0,1.0,3.0,0.0,1.0,0.0,0.0
43,1.0,1.0,0.0,0.0,1.0,0.0,0.0,4.0,0.0,0.0,0.0,1.0,1.0,0.0,0.0,2.0,0.0,0.0,3.0,1.0
44,2.0,1.0,0.0,0.0,0.0,0.0,3.0,0.0,0.0,0.0,3.0,3.0,1.0,0.0,0.0,0.0,3.0,0.0,1.0,0.0
45,2.0,3.0,7.0,0.0,0.0,0.0,0.0,4.0,0.0,0.0,2.0,2.0,0.0,0.0,0.0,0.0,4.0,3.0,0.0,0.0
46,1.0,1.0,0.0,0.0,0.0,0.0,0.0,1.0,0.0,0.0,1.0,2.0,0.0,0.0,1.0,0.0,0.0,1.0,0.0,0.0
47,0.0,0.0,0.0,1.0,0.0,0.0,0.0,0.0,1.0,0.0,1.0,1.0,1.0,0.0,0.0,2.0,0.0,1.0,1.0,0.0
48,3.0,2.0,0.0,0.0,0.0,0.0,1.0,0.0,2.0,0.0,0.0,1.0,0.0,0.0,0.0,2.0,2.0,2.0,2.0,3.0
49,2.0,1.0,1.0,0.0,0.0,0.0,0.0,1.0,0.0,0.0,6.0,5.0,0.0,1.0,0.0,1.0,0.0,0.0,4.0,0.0
50,2.0,4.0,0.0,0.0,0.0,2.0,0.0,2.0,2.0,0.0,0.0,0.0,0.0,1.0,3.0,3.0,0.0,2.0,2.0,0.0
51,1.0,0.0,0.0,0.0,0.0,0.0,0.0,0.0,1.0,0.0,0.0,1.0,0.0,0.0,0.0,0.0,2.0,0.0,1.0,1.0
52,3.0,0.0,1.0,1.0,0.0,0.0,0.0,1.0,0.0,2.0,2.0,1.0,0.0,0.0,0.0,0.0,4.0,0.0,2.0,0.0
53,0.0,2.0,1.0,0.0,0.0,0.0,1.0,0.0,0.0,0.0,0.0,0.0,0.0,0.0,0.0,0.0,1.0,0.0,0.0,2.0
54,0.0,1.0,0.0,0.0,0.0,0.0,0.0,3.0,0.0,2.0,0.0,2.0,1.0,0.0,1.0,2.0,1.0,0.0,0.0,3.0
55,0.0,1.0,0.0,0.0,2.0,0.0,0.0,2.0,0.0,1.0,3.0,1.0,0.0,0.0,1.0,0.0,2.0,0.0,0.0,0.0
56,1.0,2.0,0.0,0.0,0.0,1.0,1.0,2.0,0.0,0.0,5.0,1.0,1.0,1.0,0.0,3.0,2.0,2.0,1.0,3.0
57,2.0,4.0,0.0,0.0,0.0,2.0,0.0,2.0,0.0,0.0,1.0,2.0,1.0,0.0,0.0,0.0,0.0,0.0,2.0,0.0
58,0.0,4.0,0.0,1.0,0.0,0.0,0.0,3.0,1.0,0.0,3.0,2.0,0.0,0.0,0.0,1.0,2.0,0.0,3.0,1.0
59,2.0,3.0,0.0,1.0,0.0,2.0,2.0,0.0,1.0,0.0,1.0,3.0,0.0,1.0,2.0,5.0,1.0,0.0,1.0,0.0
60,4.0,0.0,1.0,0.0,0.0,3.0,4.0,0.0,1.0,0.0,3.0,1.0,0.0,2.0,2.0,3.0,2.0,0.0,2.0,2.0
61,1.0,1.0,0.0,0.0,0.0,0.0,0.0,5.0,0.0,1.0,0.0,2.0,0.0,0.0,1.0,4.0,0.0,0.0,1.0,0.0
62,0.0,7.0,0.0,0.0,0.0,0.0,1.0,3.0,0.0,0.0,2.0,3.0,1.0,0.0,0.0,1.0,5.0,0.0,3.0,1.0
63,3.0,1.0,2.0,0.0,0.0,0.0,1.0,3.0,0.0,1.0,0.0,2.0,0.0,1.0,0.0,0.0,2.0,3.0,1.0,1.0
64,2.0,1.0,0.0,1.0,1.0,0.0,0.0,1.0,1.0,0.0,1.0,3.0,0.0,0.0,1.0,1.0,2.0,1.0,2.0,0.0
65,3.0,2.0,0.0,1.0,0.0,3.0,0.0,1.0,0.0,0.0,6.0,2.0,0.0,1.0,1.0,1.0,4.0,1.0,6.0,1.0
66,3.0,1.0,0.0,1.0,0.0,0.0,2.0,0.0,0.0,0.0,2.0,5.0,0.0,0.0,0.0,0.0,3.0,1.0,4.0,0.0
67,4.0,2.0,1.0,0.0,2.0,1.0,2.0,1.0,0.0,0.0,0.0,2.0,1.0,0.0,1.0,6.0,2.0,2.0,1.0,1.0
68,1.0,3.0,2.0,0.0,1.0,0.0,0.0,1.0,1.0,1.0,5.0,2.0,0.0,0.0,1.0,2.0,2.0,2.0,4.0,0.0
69,0.0,3.0,0.0,2.0,0.0,1.0,1.0,1.0,0.0,0.0,0.0,5.0,0.0,0.0,0.0,0.0,3.0,0.0,2.0,3.0
70,1.0,2.0,0.0,0.0,0.0,1.0,0.0,1.0,0.0,1.0,0.0,2.0,0.0,1.0,1.0,2.0,0.0,0.0,2.0,1.0
71,5.0,2.0,0.0,0.0,0.0,0.0,1.0,5.0,2.0,0.0,2.0,5.0,0.0,0.0,3.0,1.0,2.0,0.0,3.0,2.0
72,3.0,2.0,1.0,1.0,0.0,2.0,0.0,4.0,0.0,1.0,0.0,0.0,0.0,0.0,1.0,1.0,4.0,2.0,2.0,0.0
73,8.0,6.0,6.0,0.0,0.0,1.0,1.0,4.0,7.0,2.0,0.0,1.0,1.0,1.0,1.0,4.0,4.0,5.0,1.0,2.0
74,0.0,0.0,0.0,0.0,0.0,0.0,0.0,3.0,0.0,0.0,1.0,0.0,0.0,0.0,0.0,1.0,1.0,0.0,0.0,0.0
75,0.0,0.0,0.0,0.0,3.0,2.0,0.0,1.0,0.0,0.0,3.0,4.0,0.0,0.0,2.0,1.0,0.0,0.0,4.0,2.0
76,2.0,0.0,0.0,1.0,0.0,4.0,0.0,1.0,0.0,0.0,5.0,1.0,0.0,0.0,0.0,0.0,1.0,0.0,2.0,3.0
77,6.0,3.0,2.0,2.0,0.0,1.0,0.0,5.0,0.0,0.0,11.0,14.0,2.0,0.0,0.0,1.0,1.0,3.0,2.0,3.0
78,2.0,1.0,1.0,0.0,0.0,1.0,2.0,2.0,1.0,1.0,0.0,1.0,1.0,0.0,1.0,4.0,4.0,0.0,1.0,1.0
79,1.0,3.0,0.0,0.0,0.0,1.0,1.0,1.0,1.0,0.0,0.0,1.0,0.0,1.0,0.0,1.0,1.0,1.0,1.0,2.0
80,0.0,1.0,1.0,1.0,0.0,1.0,0.0,5.0,0.0,1.0,0.0,1.0,0.0,0.0,0.0,0.0,0.0,0.0,0.0,1.0
81,2.0,3.0,1.0,0.0,0.0,3.0,1.0,4.0,0.0,0.0,1.0,3.0,0.0,0.0,2.0,3.0,1.0,0.0,0.0,3.0
82,0.0,1.0,0.0,0.0,0.0,0.0,0.0,1.0,0.0,0.0,0.0,6.0,0.0,0.0,0.0,0.0,0.0,0.0,0.0,1.0
83,3.0,1.0,0.0,0.0,0.0,0.0,2.0,1.0,0.0,0.0,5.0,4.0,1.0,0.0,0.0,0.0,0.0,0.0,1.0,0.0
84,0.0,2.0,0.0,0.0,0.0,0.0,1.0,1.0,0.0,0.0,1.0,1.0,1.0,0.0,0.0,0.0,0.0,0.0,0.0,1.0
85,0.0,2.0,3.0,2.0,0.0,0.0,0.0,2.0,1.0,0.0,0.0,4.0,0.0,0.0,0.0,3.0,4.0,0.0,0.0,3.0
86,1.0,1.0,0.0,0.0,0.0,4.0,0.0,0.0,0.0,0.0,0.0,2.0,0.0,1.0,0.0,1.0,0.0,0.0,2.0,5.0
87,1.0,0.0,1.0,0.0,0.0,0.0,2.0,0.0,1.0,2.0,0.0,1.0,0.0,0.0,1.0,4.0,0.0,1.0,2.0,0.0
88,0.0,1.0,0.0,0.0,0.0,0.0,0.0,1.0,1.0,0.0,2.0,1.0,0.0,1.0,1.0,1.0,0.0,1.0,1.0,2.0
89,0.0,0.0,1.0,0.0,0.0,0.0,0.0,0.0,2.0,0.0,0.0,0.0,0.0,2.0,0.0,2.0,0.0,1.0,1.0,0.0
90,1.0,1.0,0.0,0.0,0.0,0.0,0.0,1.0,0.0,0.0,0.0,1.0,0.0,1.0,0.0,0.0,1.0,0.0,0.0,0.0
91,4.0,7.0,0.0,1.0,0.0,0.0,2.0,1.0,3.0,0.0,6.0,10.0,0.0,0.0,1.0,1.0,5.0,0.0,4.0,0.0
92,2.0,1.0,1.0,0.0,2.0,0.0,0.0,5.0,0.0,2.0,1.0,3.0,1.0,0.0,0.0,1.0,2.0,1.0,4.0,1.0
93,3.0,3.0,0.0,1.0,0.0,1.0,0.0,0.0,2.0,1.0,1.0,7.0,0.0,0.0,1.0,1.0,5.0,0.0,1.0,1.0
94,0.0,0.0,0.0,1.0,0.0,6.0,0.0,0.0,0.0,0.0,0.0,5.0,0.0,0.0,1.0,2.0,1.0,0.0,0.0,1.0
95,3.0,4.0,1.0,2.0,0.0,0.0,3.0,1.0,1.0,0.0,0.0,0.0,0.0,0.0,0.0,6.0,0.0,1.0,0.0,1.0
96,1.0,3.0,2.0,0.0,0.0,0.0,1.0,2.0,0.0,1.0,0.0,0.0,0.0,1.0,0.0,1.0,0.0,0.0,3.0,2.0
97,3.0,1.0,3.0,2.0,0.0,1.0,1.0,1.0,0.0,1.0,7.0,15.0,0.0,0.0,1.0,3.0,2.0,0.0,5.0,0.0
98,1.0,2.0,1.0,0.0,0.0,0.0,0.0,0.0,0.0,0.0,1.0,0.0,0.0,0.0,0.0,1.0,1.0,0.0,0.0,4.0
99,0.0,1.0,0.0,1.0,1.0,0.0,1.0,1.0,0.0,1.0,0.0,1.0,0.0,0.0,0.0,1.0,4.0,0.0,2.0,1.0
100,1.0,5.0,1.0,0.0,0.0,3.0,0.0,0.0,0.0,2.0,1.0,5.0,0.0,1.0,3.0,3.0,2.0,1.0,0.0,0.0
101,5.0,4.0,0.0,0.0,0.0,0.0,0.0,4.0,0.0,0.0,1.0,5.0,1.0,0.0,0.0,2.0,1.0,3.0,3.0,1.0
102,4.0,1.0,0.0,0.0,0.0,3.0,1.0,0.0,0.0,1.0,0.0,0.0,0.0,1.0,0.0,0.0,2.0,0.0,2.0,0.0
103,5.0,4.0,1.0,2.0,0.0,3.0,0.0,0.0,0.0,0.0,3.0,5.0,0.0,0.0,0.0,0.0,5.0,0.0,0.0,1.0
104,4.0,1.0,0.0,0.0,0.0,0.0,1.0,0.0,0.0,0.0,1.0,3.0,0.0,0.0,0.0,1.0,2.0,1.0,0.0,0.0
105,4.0,3.0,0.0,0.0,1.0,0.0,0.0,0.0,4.0,0.0,0.0,0.0,0.0,0.0,0.0,2.0,1.0,1.0,1.0,1.0
106,0.0,4.0,2.0,0.0,1.0,1.0,1.0,6.0,1.0,0.0,1.0,3.0,1.0,0.0,0.0,1.0,2.0,2.0,1.0,0.0
107,1.0,1.0,0.0,2.0,0.0,2.0,0.0,0.0,1.0,1.0,1.0,3.0,0.0,1.0,2.0,1.0,0.0,0.0,3.0,4.0
108,4.0,2.0,0.0,0.0,0.0,0.0,1.0,3.0,0.0,1.0,0.0,4.0,0.0,0.0,0.0,1.0,0.0,0.0,1.0,4.0
109,1.0,4.0,0.0,0.0,0.0,2.0,1.0,1.0,0.0,1.0,1.0,0.0,0.0,2.0,0.0,0.0,1.0,0.0,1.0,1.0
110,1.0,1.0,0.0,0.0,0.0,1.0,1.0,0.0,0.0,0.0,2.0,1.0,2.0,1.0,0.0,0.0,0.0,0.0,1.0,0.0
111,0.0,3.0,2.0,1.0,0.0,1.0,0.0,0.0,0.0,0.0,1.0,1.0,0.0,0.0,0.0,3.0,1.0,1.0,4.0,1.0
112,0.0,0.0,1.0,0.0,1.0,0.0,0.0,1.0,5.0,0.0,1.0,3.0,0.0,0.0,0.0,2.0,1.0,0.0,1.0,1.0
113,2.0,4.0,1.0,0.0,0.0,0.0,0.0,6.0,1.0,1.0,0.0,4.0,0.0,1.0,3.0,3.0,1.0,1.0,1.0,0.0
114,4.0,2.0,0.0,0.0,0.0,0.0,0.0,1.0,0.0,1.0,1.0,0.0,1.0,1.0,0.0,0.0,3.0,0.0,3.0,0.0
115,1.0,2.0,2.0,1.0,0.0,0.0,1.0,1.0,3.0,0.0,0.0,3.0,0.0,1.0,1.0,4.0,1.0,4.0,0.0,0.0
116,5.0,6.0,1.0,1.0,0.0,6.0,0.0,5.0,1.0,0.0,3.0,5.0,0.0,1.0,0.0,0.0,4.0,0.0,2.0,0.0
117,1.0,0.0,3.0,0.0,0.0,1.0,1.0,1.0,1.0,1.0,0.0,3.0,0.0,0.0,0.0,0.0,1.0,1.0,1.0,1.0
118,3.0,3.0,0.0,1.0,1.0,3.0,0.0,8.0,1.0,1.0,4.0,9.0,0.0,0.0,0.0,1.0,2.0,0.0,2.0,0.0
119,2.0,2.0,1.0,0.0,1.0,0.0,0.0,1.0,0.0,0.0,0.0,2.0,0.0,0.0,0.0,0.0,3.0,0.0,1.0,0.0
120,0.0,0.0,0.0,3.0,3.0,0.0,0.0,1.0,0.0,0.0,1.0,0.0,0.0,0.0,1.0,0.0,0.0,0.0,1.0,0.0
121,0.0,2.0,0.0,0.0,0.0,3.0,0.0,2.0,1.0,0.0,2.0,2.0,0.0,0.0,0.0,0.0,0.0,0.0,2.0,1.0
122,0.0,5.0,1.0,0.0,0.0,0.0,1.0,0.0,1.0,0.0,3.0,2.0,0.0,0.0,0.0,1.0,2.0,0.0,0.0,2.0
123,1.0,1.0,1.0,0.0,0.0,0.0,4.0,0.0,0.0,1.0,0.0,0.0,0.0,0.0,1.0,0.0,0.0,0.0,1.0,2.0
124,0.0,0.0,0.0,0.0,0.0,1.0,2.0,0.0,0.0,0.0,1.0,3.0,0.0,0.0,1.0,0.0,1.0,1.0,1.0,0.0
125,1.0,0.0,4.0,0.0,0.0,0.0,0.0,3.0,0.0,0.0,1.0,0.0,0.0,0.0,0.0,0.0,2.0,0.0,0.0,1.0
126,0.0,0.0,0.0,1.0,0.0,1.0,0.0,0.0,2.0,0.0,0.0,2.0,0.0,0.0,1.0,0.0,0.0,0.0,4.0,3.0
127,0.0,3.0,2.0,0.0,0.0,0.0,0.0,1.0,0.0,0.0,0.0,0.0,1.0,3.0,0.0,1.0,1.0,1.0,0.0,0.0
128,2.0,2.0,0.0,2.0,0.0,1.0,2.0,1.0,2.0,0.0,4.0,3.0,2.0,1.0,0.0,2.0,2.0,1.0,2.0,0.0
129,0.0,2.0,0.0,0.0,2.0,1.0,0.0,2.0,0.0,0.0,3.0,3.0,0.0,0.0,0.0,0.0,1.0,1.0,0.0,1.0
130,2.0,1.0,3.0,1.0,0.0,0.0,1.0,9.0,0.0,0.0,5.0,4.0,0.0,0.0,1.0,1.0,4.0,0.0,4.0,1.0
131,1.0,4.0,0.0,0.0,0.0,0.0,0.0,1.0,0.0,0.0,2.0,4.0,2.0,0.0,0.0,0.0,0.0,0.0,0.0,1.0
132,1.0,1.0,1.0,2.0,0.0,0.0,0.0,0.0,0.0,0.0,2.0,2.0,0.0,0.0,2.0,0.0,2.0,0.0,3.0,3.0
133,0.0,1.0,1.0,2.0,0.0,2.0,0.0,3.0,1.0,0.0,2.0,3.0,0.0,0.0,0.0,1.0,3.0,0.0,3.0,1.0
134,1.0,1.0,0.0,2.0,0.0,1.0,1.0,1.0,2.0,1.0,2.0,3.0,0.0,0.0,0.0,0.0,0.0,0.0,1.0,1.0
135,3.0,3.0,0.0,0.0,0.0,1.0,0.0,1.0,0.0,0.0,1.0,4.0,0.0,0.0,0.0,0.0,1.0,0.0,1.0,1.0
136,2.0,5.0,0.0,0.0,0.0,0.0,0.0,1.0,0.0,0.0,0.0,1.0,1.0,0.0,0.0,1.0,1.0,0.0,4.0,1.0
137,0.0,1.0,0.0,0.0,0.0,4.0,0.0,1.0,3.0,0.0,1.0,0.0,0.0,0.0,0.0,1.0,1.0,1.0,1.0,2.0
138,1.0,1.0,0.0,1.0,1.0,1.0,0.0,1.0,2.0,2.0,3.0,2.0,0.0,0.0,2.0,1.0,0.0,0.0,2.0,1.0
139,1.0,2.0,0.0,0.0,0.0,0.0,0.0,1.0,2.0,1.0,1.0,1.0,2.0,0.0,1.0,1.0,0.0,0.0,0.0,2.0
140,1.0,3.0,2.0,1.0,0.0,0.0,2.0,4.0,0.0,0.0,0.0,3.0,2.0,0.0,0.0,1.0,2.0,0.0,2.0,0.0
141,1.0,2.0,0.0,0.0,0.0,0.0,0.0,0.0,0.0,0.0,1.0,0.0,0.0,0.0,1.0,1.0,2.0,0.0,1.0,0.0
142,1.0,0.0,1.0,0.0,0.0,0.0,0.0,1.0,0.0,0.0,1.0,0.0,1.0,0.0,0.0,0.0,4.0,0.0,1.0,1.0
143,3.0,1.0,0.0,0.0,0.0,3.0,0.0,0.0,0.0,0.0,8.0,4.0,0.0,0.0,1.0,4.0,1.0,1.0,5.0,0.0
144,2.0,2.0,0.0,2.0,1.0,1.0,0.0,2.0,0.0,0.0,0.0,1.0,0.0,1.0,0.0,1.0,2.0,0.0,2.0,0.0
145,5.0,1.0,1.0,0.0,0.0,0.0,0.0,1.0,1.0,1.0,0.0,6.0,0.0,0.0,1.0,0.0,4.0,1.0,2.0,4.0
146,5.0,5.0,0.0,0.0,0.0,0.0,1.0,3.0,0.0,1.0,0.0,1.0,0.0,1.0,1.0,2.0,2.0,0.0,0.0,0.0
147,4.0,3.0,0.0,1.0,0.0,4.0,0.0,0.0,1.0,1.0,4.0,9.0,0.0,1.0,1.0,2.0,1.0,1.0,0.0,2.0
148,0.0,1.0,0.0,0.0,0.0,0.0,0.0,0.0,0.0,0.0,0.0,2.0,0.0,0.0,0.0,0.0,0.0,0.0,0.0,0.0
149,2.0,1.0,0.0,2.0,0.0,0.0,0.0,1.0,1.0,0.0,0.0,4.0,0.0,0.0,2.0,3.0,0.0,1.0,1.0,0.0
150,2.0,7.0,1.0,0.0,2.0,1.0,0.0,2.0,0.0,0.0,0.0,1.0,2.0,1.0,0.0,1.0,2.0,1.0,2.0,2.0
151,0.0,2.0,0.0,0.0,0.0,0.0,2.0,1.0,2.0,1.0,0.0,0.0,0.0,0.0,0.0,2.0,1.0,0.0,1.0,2.0
152,0.0,2.0,0.0,0.0,0.0,1.0,0.0,2.0,0.0,0.0,0.0,2.0,1.0,0.0,0.0,3.0,3.0,0.0,3.0,0.0
153,0.0,1.0,1.0,0.0,1.0,0.0,0.0,1.0,0.0,0.0,1.0,2.0,0.0,0.0,0.0,1.0,0.0,2.0,0.0,0.0
154,3.0,2.0,0.0,2.0,0.0,0.0,0.0,0.0,2.0,0.0,3.0,3.0,0.0,0.0,3.0,0.0,0.0,1.0,3.0,0.0
155,0.0,3.0,0.0,0.0,0.0,0.0,0.0,2.0,0.0,0.0,1.0,2.0,1.0,0.0,0.0,0.0,0.0,2.0,3.0,1.0
156,2.0,1.0,1.0,0.0,0.0,0.0,0.0,2.0,0.0,0.0,0.0,0.0,3.0,0.0,0.0,2.0,0.0,1.0,3.0,0.0
157,1.0,3.0,0.0,0.0,1.0,1.0,1.0,3.0,0.0,1.0,0.0,1.0,0.0,2.0,1.0,3.0,4.0,2.0,0.0,1.0
158,1.0,1.0,0.0,0.0,0.0,0.0,0.0,0.0,1.0,0.0,2.0,4.0,0.0,0.0,0.0,1.0,0.0,1.0,5.0,0.0
159,2.0,1.0,0.0,0.0,0.0,3.0,1.0,0.0,0.0,0.0,2.0,5.0,0.0,0.0,0.0,0.0,0.0,0.0,0.0,1.0
160,0.0,3.0,3.0,0.0,0.0,0.0,0.0,5.0,2.0,0.0,0.0,1.0,0.0,0.0,0.0,1.0,0.0,1.0,3.0,0.0
161,6.0,4.0,1.0,2.0,0.0,1.0,1.0,1.0,1.0,1.0,6.0,4.0,0.0,0.0,2.0,0.0,2.0,3.0,0.0,0.0
162,2.0,1.0,0.0,0.0,3.0,1.0,2.0,1.0,0.0,0.0,0.0,4.0,0.0,0.0,2.0,1.0,0.0,0.0,1.0,1.0
163,2.0,2.0,0.0,0.0,0.0,0.0,0.0,5.0,3.0,1.0,0.0,1.0,0.0,0.0,0.0,2.0,2.0,1.0,1.0,1.0
164,2.0,1.0,2.0,0.0,0.0,0.0,1.0,0.0,1.0,0.0,0.0,1.0,0.0,1.0,1.0,0.0,1.0,1.0,0.0,0.0
165,1.0,2.0,0.0,0.0,0.0,0.0,0.0,4.0,0.0,0.0,2.0,0.0,0.0,0.0,0.0,0.0,0.0,1.0,0.0,0.0
166,0.0,0.0,0.0,0.0,0.0,0.0,0.0,0.0,2.0,0.0,0.0,2.0,0.0,0.0,0.0,0.0,0.0,0.0,0.0,1.0
167,2.0,0.0,0.0,0.0,0.0,0.0,0.0,0.0,0.0,2.0,0.0,1.0,0.0,0.0,0.0,3.0,1.0,1.0,0.0,1.0
168,0.0,3.0,1.0,2.0,0.0,1.0,0.0,0.0,0.0,0.0,3.0,2.0,1.0,0.0,0.0,1.0,1.0,0.0,0.0,0.0
169,0.0,1.0,0.0,0.0,0.0,0.0,0.0,0.0,0.0,0.0,4.0,3.0,1.0,1.0,3.0,3.0,1.0,4.0,0.0,0.0
170,1.0,1.0,0.0,0.0,0.0,0.0,2.0,0.0,0.0,0.0,1.0,1.0,0.0,1.0,3.0,1.0,0.0,1.0,2.0,3.0
171,2.0,2.0,1.0,0.0,0.0,0.0,0.0,0.0,0.0,0.0,1.0,5.0,0.0,2.0,0.0,0.0,1.0,0.0,3.0,0.0
172,3.0,0.0,0.0,0.0,0.0,1.0,2.0,3.0,2.0,1.0,0.0,3.0,0.0,0.0,1.0,4.0,4.0,4.0,1.0,0.0
173,0.0,1.0,0.0,1.0,2.0,0.0,0.0,0.0,0.0,0.0,2.0,0.0,0.0,2.0,0.0,1.0,1.0,0.0,0.0,2.0
174,0.0,5.0,2.0,1.0,0.0,3.0,0.0,0.0,1.0,0.0,3.0,3.0,0.0,0.0,0.0,0.0,1.0,0.0,1.0,2.0
175,2.0,1.0,2.0,1.0,0.0,0.0,1.0,3.0,0.0,1.0,2.0,6.0,0.0,0.0,0.0,0.0,4.0,2.0,2.0,2.0
176,1.0,0.0,3.0,1.0,1.0,0.0,0.0,0.0,0.0,0.0,0.0,2.0,0.0,0.0,0.0,0.0,0.0,0.0,1.0,1.0
177,1.0,3.0,1.0,2.0,0.0,0.0,0.0,2.0,1.0,0.0,1.0,3.0,0.0,0.0,0.0,0.0,0.0,0.0,3.0,0.0
178,1.0,0.0,0.0,2.0,0.0,0.0,0.0,1.0,0.0,0.0,4.0,1.0,0.0,0.0,0.0,0.0,3.0,0.0,0.0,0.0
179,0.0,3.0,1.0,0.0,0.0,1.0,1.0,0.0,2.0,0.0,1.0,1.0,0.0,0.0,2.0,0.0,2.0,0.0,2.0,1.0
180,2.0,4.0,2.0,0.0,0.0,2.0,0.0,0.0,0.0,0.0,3.0,2.0,0.0,0.0,1.0,0.0,0.0,0.0,3.0,0.0
181,1.0,1.0,0.0,0.0,1.0,0.0,2.0,0.0,1.0,0.0,0.0,0.0,0.0,0.0,1.0,0.0,1.0,0.0,1.0,0.0
182,1.0,2.0,0.0,0.0,0.0,0.0,0.0,2.0,0.0,0.0,0.0,4.0,0.0,0.0,2.0,0.0,1.0,1.0,0.0,1.0
183,0.0,1.0,0.0,0.0,0.0,0.0,0.0,0.0,0.0,0.0,0.0,2.0,0.0,0.0,0.0,1.0,4.0,0.0,2.0,0.0
184,3.0,0.0,0.0,2.0,0.0,1.0,1.0,1.0,2.0,0.0,3.0,4.0,1.0,1.0,0.0,2.0,0.0,0.0,0.0,1.0
185,0.0,0.0,2.0,0.0,0.0,0.0,0.0,0.0,0.0,0.0,1.0,1.0,0.0,0.0,0.0,1.0,2.0,0.0,2.0,3.0
186,0.0,0.0,0.0,0.0,0.0,0.0,0.0,0.0,0.0,0.0,0.0,1.0,0.0,0.0,0.0,0.0,0.0,0.0,1.0,0.0
187,0.0,1.0,0.0,3.0,1.0,2.0,1.0,0.0,1.0,2.0,2.0,0.0,1.0,0.0,2.0,3.0,1.0,3.0,0.0,0.0
188,1.0,2.0,1.0,0.0,1.0,0.0,0.0,2.0,0.0,0.0,2.0,1.0,2.0,2.0,0.0,4.0,1.0,2.0,1.0,0.0
189,5.0,1.0,0.0,0.0,0.0,0.0,1.0,1.0,0.0,0.0,0.0,1.0,0.0,0.0,0.0,0.0,4.0,0.0,2.0,2.0
190,2.0,6.0,1.0,2.0,0.0,0.0,1.0,2.0,0.0,0.0,4.0,8.0,0.0,1.0,0.0,3.0,5.0,2.0,4.0,1.0
191,2.0,2.0,1.0,1.0,0.0,1.0,1.0,1.0,1.0,0.0,5.0,7.0,2.0,0.0,1.0,2.0,0.0,1.0,3.0,1.0
192,0.0,0.0,0.0,1.0,2.0,0.0,3.0,0.0,0.0,1.0,2.0,1.0,1.0,2.0,4.0,5.0,0.0,2.0,0.0,1.0
193,1.0,2.0,0.0,0.0,0.0,0.0,1.0,6.0,0.0,1.0,0.0,4.0,0.0,0.0,2.0,1.0,1.0,0.0,0.0,1.0
194,1.0,1.0,0.0,0.0,1.0,0.0,0.0,3.0,2.0,1.0,1.0,1.0,0.0,0.0,1.0,1.0,0.0,1.0,0.0,1.0
195,3.0,0.0,0.0,0.0,0.0,2.0,0.0,0.0,0.0,1.0,2.0,0.0,0.0,2.0,1.0,3.0,0.0,0.0,0.0,0.0
196,1.0,3.0,0.0,0.0,0.0,1.0,0.0,3.0,3.0,1.0,5.0,6.0,0.0,1.0,1.0,1.0,2.0,4.0,2.0,1.0
197,2.0,3.0,0.0,0.0,0.0,1.0,0.0,1.0,0.0,0.0,2.0,0.0,0.0,0.0,0.0,0.0,2.0,0.0,0.0,1.0
198,1.0,3.0,0.0,1.0,0.0,0.0,1.0,1.0,3.0,0.0,0.0,1.0,1.0,1.0,2.0,0.0,2.0,1.0,2.0,3.0
199,1.0,1.0,0.0,1.0,0.0,0.0,1.0,2.0,1.0,1.0,1.0,1.0,0.0,1.0,1.0,3.0,3.0,3.0,0.0,1.0
200,1.0,2.0,0.0,0.0,0.0,2.0,1.0,1.0,0.0,0.0,0.0,0.0,0.0,0.0,0.0,0.0,2.0,2.0,0.0,0.0
201,3.0,1.0,1.0,0.0,1.0,1.0,2.0,6.0,1.0,0.0,0.0,3.0,0.0,0.0,1.0,5.0,2.0,4.0,3.0,0.0
202,2.0,2.0,0.0,0.0,0.0,1.0,0.0,0.0,1.0,0.0,3.0,2.0,0.0,0.0,0.0,0.0,0.0,4.0,0.0,1.0
203,4.0,2.0,3.0,0.0,2.0,2.0,2.0,4.0,0.0,0.0,1.0,2.0,0.0,0.0,1.0,0.0,0.0,0.0,1.0,1.0
204,0.0,2.0,1.0,1.0,0.0,0.0,1.0,1.0,2.0,0.0,0.0,1.0,0.0,1.0,0.0,6.0,3.0,1.0,0.0,0.0
205,1.0,2.0,0.0,1.0,0.0,1.0,1.0,0.0,0.0,0.0,1.0,0.0,0.0,0.0,0.0,1.0,0.0,1.0,1.0,0.0
206,1.0,1.0,0.0,0.0,0.0,0.0,0.0,0.0,0.0,0.0,0.0,1.0,0.0,1.0,0.0,0.0,2.0,1.0,2.0,1.0
207,1.0,3.0,1.0,0.0,0.0,1.0,3.0,5.0,2.0,0.0,0.0,0.0,1.0,1.0,0.0,0.0,1.0,3.0,2.0,0.0
208,1.0,8.0,4.0,0.0,0.0,3.0,1.0,2.0,0.0,1.0,4.0,6.0,0.0,0.0,0.0,0.0,3.0,1.0,2.0,1.0
209,1.0,1.0,0.0,0.0,0.0,0.0,2.0,0.0,0.0,0.0,0.0,0.0,0.0,0.0,1.0,0.0,1.0,2.0,0.0,0.0
210,2.0,2.0,3.0,2.0,1.0,1.0,4.0,2.0,0.0,2.0,0.0,7.0,1.0,0.0,0.0,1.0,4.0,0.0,0.0,0.0
211,0.0,4.0,0.0,0.0,1.0,0.0,0.0,1.0,0.0,0.0,1.0,1.0,0.0,0.0,0.0,4.0,0.0,0.0,0.0,1.0
212,2.0,2.0,0.0,1.0,0.0,0.0,0.0,0.0,0.0,1.0,0.0,0.0,0.0,0.0,0.0,0.0,0.0,0.0,1.0,1.0
213,1.0,1.0,0.0,1.0,0.0,0.0,1.0,1.0,1.0,0.0,0.0,1.0,0.0,0.0,0.0,1.0,1.0,1.0,0.0,1.0
214,4.0,4.0,2.0,0.0,0.0,0.0,2.0,4.0,0.0,0.0,2.0,3.0,0.0,0.0,0.0,1.0,1.0,3.0,1.0,0.0
215,1.0,3.0,1.0,0.0,0.0,5.0,1.0,4.0,1.0,0.0,2.0,2.0,0.0,0.0,1.0,1.0,3.0,1.0,1.0,3.0
216,0.0,0.0,0.0,0.0,0.0,1.0,0.0,1.0,1.0,0.0,1.0,0.0,2.0,1.0,0.0,1.0,2.0,0.0,0.0,3.0
217,4.0,7.0,2.0,0.0,0.0,0.0,0.0,1.0,0.0,0.0,0.0,2.0,0.0,0.0,0.0,0.0,2.0,1.0,1.0,0.0
218,2.0,1.0,0.0,0.0,0.0,0.0,0.0,0.0,0.0,0.0,0.0,1.0,0.0,0.0,0.0,1.0,2.0,0.0,0.0,0.0
219,2.0,1.0,1.0,1.0,1.0,2.0,0.0,3.0,0.0,0.0,0.0,4.0,0.0,0.0,0.0,0.0,1.0,0.0,1.0,0.0
220,0.0,2.0,2.0,5.0,0.0,1.0,1.0,4.0,0.0,0.0,0.0,3.0,1.0,0.0,1.0,1.0,0.0,0.0,0.0,1.0
221,0.0,3.0,0.0,2.0,0.0,0.0,0.0,1.0,0.0,0.0,5.0,2.0,1.0,1.0,1.0,0.0,1.0,1.0,2.0,0.0
222,5.0,4.0,1.0,2.0,2.0,3.0,0.0,3.0,2.0,2.0,5.0,6.0,0.0,1.0,4.0,0.0,0.0,3.0,2.0,2.0
223,1.0,2.0,0.0,0.0,0.0,0.0,0.0,0.0,0.0,0.0,6.0,3.0,0.0,0.0,1.0,0.0,1.0,0.0,2.0,1.0
224,2.0,1.0,0.0,0.0,0.0,0.0,0.0,1.0,1.0,1.0,2.0,3.0,0.0,1.0,0.0,2.0,0.0,0.0,3.0,1.0
225,1.0,5.0,2.0,0.0,0.0,1.0,0.0,2.0,2.0,1.0,3.0,5.0,0.0,0.0,1.0,5.0,6.0,3.0,1.0,1.0
226,3.0,1.0,0.0,0.0,0.0,0.0,0.0,2.0,3.0,2.0,2.0,4.0,1.0,0.0,0.0,4.0,3.0,2.0,1.0,1.0
227,0.0,1.0,0.0,2.0,1.0,0.0,0.0,1.0,0.0,0.0,0.0,0.0,0.0,0.0,1.0,0.0,2.0,0.0,0.0,1.0
228,3.0,1.0,0.0,1.0,0.0,3.0,0.0,0.0,0.0,0.0,3.0,3.0,0.0,0.0,2.0,0.0,1.0,0.0,3.0,0.0
229,3.0,1.0,0.0,1.0,1.0,1.0,1.0,0.0,0.0,0.0,7.0,0.0,0.0,2.0,0.0,1.0,4.0,0.0,5.0,1.0
230,0.0,1.0,1.0,1.0,0.0,2.0,1.0,1.0,0.0,0.0,3.0,5.0,0.0,0.0,1.0,0.0,2.0,0.0,1.0,0.0
231,1.0,1.0,0.0,1.0,0.0,0.0,1.0,0.0,1.0,0.0,3.0,0.0,0.0,1.0,0.0,2.0,0.0,1.0,0.0,0.0
232,2.0,4.0,2.0,0.0,0.0,0.0,0.0,0.0,2.0,0.0,0.0,1.0,0.0,2.0,0.0,4.0,0.0,0.0,0.0,0.0
233,1.0,2.0,1.0,0.0,0.0,0.0,1.0,0.0,0.0,1.0,1.0,2.0,0.0,0.0,1.0,0.0,2.0,0.0,4.0,1.0
234,2.0,2.0,1.0,1.0,0.0,0.0,0.0,1.0,1.0,0.0,5.0,4.0,0.0,1.0,0.0,0.0,0.0,2.0,0.0,0.0
235,0.0,1.0,0.0,2.0,1.0,1.0,1.0,3.0,0.0,1.0,0.0,0.0,0.0,2.0,0.0,1.0,1.0,0.0,1.0,0.0
236,1.0,2.0,0.0,0.0,0.0,0.0,2.0,2.0,0.0,0.0,0.0,0.0,1.0,1.0,3.0,2.0,0.0,0.0,0.0,1.0
237,0.0,3.0,1.0,1.0,4.0,0.0,1.0,1.0,0.0,0.0,3.0,4.0,1.0,0.0,0.0,0.0,5.0,2.0,0.0,0.0
238,2.0,1.0,1.0,0.0,0.0,2.0,0.0,0.0,1.0,0.0,4.0,1.0,0.0,0.0,0.0,0.0,0.0,0.0,0.0,0.0
239,0.0,0.0,0.0,0.0,0.0,0.0,0.0,2.0,0.0,0.0,1.0,0.0,0.0,1.0,0.0,2.0,0.0,0.0,1.0,0.0
240,1.0,3.0,3.0,0.0,0.0,1.0,0.0,0.0,1.0,1.0,1.0,3.0,0.0,0.0,0.0,0.0,3.0,1.0,1.0,1.0
241,4.0,4.0,3.0,1.0,0.0,0.0,0.0,3.0,0.0,0.0,5.0,8.0,1.0,0.0,0.0,1.0,3.0,1.0,2.0,1.0
242,0.0,2.0,0.0,1.0,1.0,2.0,0.0,0.0,0.0,2.0,0.0,1.0,0.0,1.0,0.0,2.0,1.0,0.0,0.0,1.0
243,2.0,1.0,1.0,2.0,0.0,1.0,2.0,0.0,0.0,1.0,0.0,2.0,0.0,1.0,0.0,0.0,2.0,3.0,1.0,0.0
244,2.0,1.0,0.0,0.0,0.0,0.0,0.0,2.0,0.0,0.0,0.0,0.0,0.0,0.0,1.0,0.0,0.0,1.0,0.0,1.0
245,2.0,1.0,0.0,0.0,1.0,0.0,3.0,3.0,1.0,0.0,0.0,0.0,0.0,0.0,0.0,0.0,2.0,1.0,0.0,0.0
246,0.0,0.0,6.0,1.0,0.0,0.0,2.0,0.0,3.0,0.0,2.0,1.0,0.0,4.0,3.0,3.0,1.0,2.0,2.0,2.0
247,0.0,3.0,0.0,0.0,0.0,0.0,0.0,3.0,0.0,0.0,3.0,2.0,0.0,1.0,0.0,2.0,1.0,0.0,0.0,0.0
248,5.0,2.0,0.0,1.0,0.0,0.0,1.0,5.0,0.0,4.0,2.0,1.0,0.0,0.0,0.0,0.0,1.0,0.0,2.0,1.0
249,3.0,0.0,0.0,0.0,2.0,0.0,0.0,2.0,1.0,2.0,2.0,3.0,1.0,0.0,2.0,1.0,1.0,0.0,1.0,1.0
250,2.0,3.0,4.0,1.0,0.0,0.0,1.0,4.0,1.0,0.0,0.0,4.0,2.0,1.0,1.0,3.0,2.0,2.0,0.0,0.0
251,2.0,2.0,0.0,3.0,0.0,0.0,0.0,3.0,0.0,0.0,1.0,4.0,0.0,1.0,2.0,0.0,2.0,0.0,3.0,0.0
252,2.0,0.0,0.0,0.0,0.0,1.0,1.0,0.0,0.0,0.0,0.0,1.0,0.0,1.0,0.0,1.0,2.0,0.0,0.0,1.0
253,3.0,3.0,1.0,0.0,0.0,0.0,0.0,3.0,0.0,0.0,2.0,4.0,0.0,0.0,1.0,0.0,2.0,1.0,3.0,3.0
254,3.0,0.0,1.0,0.0,0.0,0.0,1.0,0.0,0.0,0.0,6.0,0.0,0.0,0.0,0.0,2.0,2.0,1.0,0.0,0.0
255,0.0,2.0,1.0,0.0,0.0,2.0,2.0,0.0,0.0,0.0,1.0,1.0,0.0,0.0,1.0,1.0,0.0,0.0,2.0,0.0
256,3.0,0.0,0.0,3.0,0.0,2.0,2.0,1.0,0.0,0.0,5.0,6.0,0.0,0.0,0.0,0.0,6.0,1.0,4.0,1.0
257,2.0,2.0,1.0,1.0,0.0,1.0,0.0,0.0,1.0,0.0,2.0,3.0,0.0,0.0,1.0,1.0,3.0,5.0,5.0,1.0
258,2.0,2.0,0.0,1.0,0.0,1.0,0.0,0.0,0.0,0.0,3.0,3.0,0.0,0.0,0.0,0.0,0.0,0.0,1.0,3.0
259,5.0,1.0,0.0,1.0,0.0,0.0,0.0,3.0,0.0,1.0,4.0,3.0,0.0,1.0,0.0,4.0,1.0,0.0,2.0,2.0
260,0.0,2.0,0.0,1.0,0.0,0.0,4.0,4.0,0.0,0.0,1.0,3.0,1.0,0.0,0.0,0.0,2.0,0.0,1.0,2.0
261,1.0,1.0,0.0,0.0,0.0,2.0,0.0,1.0,4.0,1.0,1.0,2.0,0.0,0.0,2.0,2.0,0.0,1.0,3.0,3.0
262,0.0,2.0,3.0,0.0,0.0,2.0,0.0,2.0,0.0,0.0,0.0,3.0,0.0,0.0,0.0,1.0,1.0,0.0,1.0,0.0
263,2.0,2.0,1.0,2.0,0.0,0.0,0.0,4.0,1.0,0.0,0.0,2.0,0.0,1.0,1.0,1.0,0.0,2.0,4.0,0.0
264,0.0,3.0,1.0,1.0,0.0,1.0,2.0,0.0,1.0,0.0,1.0,1.0,0.0,0.0,0.0,2.0,1.0,1.0,1.0,1.0
265,0.0,1.0,0.0,0.0,0.0,2.0,1.0,1.0,0.0,0.0,0.0,2.0,0.0,0.0,0.0,4.0,0.0,2.0,0.0,1.0
266,2.0,0.0,1.0,1.0,1.0,2.0,0.0,1.0,0.0,0.0,0.0,1.0,1.0,0.0,0.0,2.0,0.0,0.0,1.0,0.0
267,2.0,3.0,1.0,2.0,0.0,0.0,0.0,3.0,1.0,0.0,0.0,2.0,0.0,0.0,0.0,0.0,3.0,0.0,1.0,2.0
268,1.0,1.0,0.0,0.0,0.0,0.0,0.0,1.0,2.0,0.0,1.0,2.0,0.0,1.0,2.0,2.0,2.0,2.0,0.0,0.0
269,1.0,1.0,0.0,2.0,0.0,0.0,0.0,0.0,2.0,0.0,1.0,2.0,0.0,0.0,1.0,1.0,1.0,1.0,0.0,2.0
270,0.0,0.0,1.0,0.0,0.0,0.0,1.0,0.0,1.0,0.0,1.0,2.0,0.0,0.0,0.0,0.0,1.0,0.0,1.0,2.0
271,1.0,2.0,3.0,0.0,1.0,0.0,0.0,3.0,2.0,0.0,4.0,3.0,0.0,0.0,0.0,0.0,0.0,1.0,1.0,2.0
272,2.0,2.0,3.0,0.0,0.0,2.0,0.0,4.0,3.0,1.0,1.0,0.0,0.0,1.0,0.0,0.0,0.0,1.0,1.0,0.0
273,0.0,3.0,0.0,3.0,0.0,0.0,0.0,0.0,0.0,0.0,0.0,1.0,0.0,0.0,1.0,0.0,2.0,1.0,2.0,2.0
274,0.0,2.0,0.0,0.0,1.0,4.0,3.0,1.0,1.0,0.0,0.0,1.0,2.0,0.0,2.0,3.0,0.0,1.0,2.0,0.0
275,2.0,1.0,1.0,0.0,0.0,0.0,1.0,2.0,0.0,0.0,3.0,3.0,0.0,0.0,0.0,0.0,1.0,1.0,1.0,0.0
276,4.0,2.0,2.0,1.0,0.0,0.0,2.0,7.0,1.0,1.0,0.0,4.0,1.0,2.0,3.0,2.0,9.0,2.0,5.0,2.0
277,4.0,5.0,2.0,1.0,0.0,1.0,1.0,1.0,2.0,0.0,3.0,1.0,0.0,1.0,0.0,4.0,2.0,1.0,2.0,0.0
278,1.0,2.0,1.0,2.0,0.0,0.0,1.0,1.0,0.0,1.0,1.0,1.0,0.0,0.0,0.0,0.0,1.0,1.0,1.0,1.0
279,6.0,0.0,1.0,0.0,0.0,2.0,0.0,1.0,0.0,3.0,7.0,9.0,0.0,0.0,0.0,0.0,1.0,0.0,1.0,3.0
280,2.0,3.0,0.0,1.0,0.0,1.0,0.0,1.0,0.0,1.0,0.0,1.0,0.0,0.0,0.0,0.0,0.0,0.0,4.0,2.0
281,1.0,1.0,0.0,2.0,0.0,0.0,1.0,2.0,1.0,0.0,0.0,1.0,0.0,1.0,2.0,1.0,1.0,2.0,5.0,1.0
282,0.0,0.0,0.0,0.0,0.0,1.0,0.0,0.0,1.0,1.0,2.0,2.0,0.0,0.0,0.0,0.0,0.0,0.0,0.0,0.0
283,1.0,3.0,0.0,0.0,0.0,0.0,2.0,1.0,0.0,0.0,0.0,0.0,0.0,0.0,1.0,1.0,1.0,2.0,0.0,2.0
284,2.0,3.0,1.0,0.0,0.0,1.0,1.0,0.0,2.0,0.0,4.0,1.0,0.0,0.0,2.0,2.0,2.0,0.0,0.0,0.0
285,5.0,4.0,1.0,1.0,0.0,2.0,0.0,2.0,0.0,0.0,4.0,5.0,0.0,0.0,1.0,0.0,2.0,0.0,2.0,0.0
286,1.0,1.0,1.0,0.0,0.0,0.0,2.0,1.0,0.0,0.0,1.0,0.0,0.0,0.0,2.0,0.0,0.0,0.0,0.0,0.0
287,0.0,3.0,0.0,0.0,0.0,0.0,0.0,1.0,0.0,1.0,1.0,7.0,0.0,1.0,0.0,1.0,0.0,0.0,0.0,0.0
288,0.0,2.0,1.0,1.0,0.0,1.0,3.0,1.0,1.0,0.0,4.0,6.0,0.0,0.0,0.0,1.0,0.0,0.0,4.0,1.0
289,4.0,4.0,0.0,0.0,0.0,1.0,1.0,2.0,0.0,0.0,4.0,3.0,1.0,0.0,0.0,0.0,1.0,0.0,2.0,0.0
290,1.0,2.0,0.0,0.0,0.0,1.0,1.0,0.0,0.0,0.0,0.0,1.0,0.0,0.0,0.0,0.0,0.0,0.0,2.0,0.0
291,0.0,2.0,0.0,0.0,0.0,0.0,1.0,4.0,0.0,1.0,0.0,3.0,0.0,0.0,1.0,0.0,0.0,0.0,2.0,2.0
292,2.0,2.0,1.0,1.0,0.0,1.0,0.0,5.0,0.0,2.0,3.0,4.0,1.0,0.0,0.0,1.0,3.0,0.0,0.0,0.0
293,6.0,2.0,2.0,0.0,0.0,2.0,1.0,4.0,1.0,1.0,5.0,7.0,0.0,1.0,0.0,1.0,4.0,5.0,5.0,0.0
294,3.0,1.0,1.0,0.0,0.0,0.0,1.0,2.0,1.0,3.0,4.0,5.0,0.0,0.0,0.0,0.0,3.0,0.0,5.0,1.0
295,1.0,0.0,1.0,0.0,0.0,1.0,2.0,0.0,1.0,0.0,0.0,2.0,0.0,1.0,1.0,1.0,1.0,3.0,0.0,0.0
296,3.0,1.0,0.0,0.0,0.0,1.0,0.0,0.0,1.0,0.0,1.0,1.0,0.0,0.0,0.0,0.0,1.0,0.0,4.0,0.0
297,0.0,2.0,0.0,2.0,0.0,1.0,0.0,4.0,0.0,0.0,2.0,2.0,2.0,2.0,0.0,1.0,1.0,2.0,3.0,1.0
298,5.0,0.0,1.0,1.0,0.0,0.0,0.0,0.0,0.0,0.0,1.0,1.0,0.0,0.0,2.0,0.0,0.0,2.0,0.0,1.0
299,2.0,1.0,0.0,0.0,0.0,0.0,1.0,0.0,0.0,0.0,1.0,0.0,1.0,3.0,1.0,2.0,0.0,3.0,1.0,1.0
300,3.0,1.0,0.0,4.0,0.0,2.0,0.0,0.0,0.0,0.0,0.0,1.0,0.0,1.0,0.0,2.0,0.0,1.0,0.0,2.0
301,4.0,2.0,2.0,0.0,0.0,0.0,2.0,5.0,0.0,0.0,1.0,0.0,1.0,0.0,0.0,1.0,3.0,0.0,1.0,0.0
302,0.0,0.0,0.0,0.0,0.0,1.0,1.0,1.0,1.0,2.0,7.0,7.0,0.0,2.0,0.0,0.0,4.0,0.0,2.0,0.0
303,1.0,0.0,1.0,1.0,1.0,0.0,0.0,1.0,2.0,0.0,2.0,2.0,0.0,0.0,1.0,0.0,0.0,0.0,2.0,0.0
304,4.0,2.0,2.0,0.0,0.0,1.0,0.0,0.0,0.0,1.0,8.0,6.0,1.0,1.0,2.0,3.0,0.0,1.0,5.0,1.0
305,2.0,1.0,0.0,1.0,1.0,2.0,0.0,0.0,0.0,0.0,6.0,1.0,0.0,0.0,0.0,1.0,1.0,0.0,0.0,0.0
306,2.0,3.0,0.0,0.0,0.0,0.0,0.0,1.0,1.0,0.0,3.0,4.0,1.0,0.0,0.0,0.0,1.0,0.0,1.0,3.0
307,4.0,1.0,1.0,0.0,0.0,0.0,0.0,0.0,0.0,0.0,3.0,2.0,0.0,2.0,0.0,0.0,1.0,0.0,2.0,2.0
308,4.0,1.0,0.0,0.0,0.0,0.0,0.0,2.0,0.0,2.0,0.0,1.0,2.0,0.0,0.0,0.0,0.0,0.0,1.0,0.0
309,1.0,1.0,0.0,0.0,0.0,1.0,1.0,0.0,0.0,0.0,2.0,0.0,0.0,0.0,0.0,0.0,0.0,0.0,0.0,0.0
310,2.0,1.0,0.0,0.0,0.0,0.0,2.0,1.0,0.0,0.0,0.0,2.0,0.0,0.0,0.0,3.0,0.0,0.0,2.0,1.0
311,3.0,4.0,5.0,0.0,0.0,1.0,0.0,4.0,0.0,1.0,2.0,5.0,0.0,1.0,0.0,1.0,2.0,1.0,3.0,1.0
312,1.0,1.0,1.0,0.0,0.0,2.0,0.0,0.0,0.0,0.0,2.0,1.0,0.0,1.0,1.0,0.0,0.0,1.0,1.0,1.0
313,2.0,6.0,1.0,0.0,1.0,2.0,0.0,3.0,1.0,1.0,1.0,4.0,2.0,0.0,0.0,2.0,1.0,1.0,0.0,3.0
314,2.0,1.0,2.0,1.0,0.0,1.0,0.0,1.0,2.0,0.0,1.0,1.0,0.0,0.0,2.0,1.0,0.0,0.0,2.0,0.0
315,3.0,5.0,2.0,0.0,0.0,0.0,0.0,1.0,1.0,0.0,2.0,2.0,2.0,0.0,0.0,1.0,3.0,4.0,2.0,0.0
316,1.0,1.0,0.0,0.0,3.0,1.0,0.0,0.0,2.0,1.0,2.0,3.0,0.0,1.0,0.0,1.0,0.0,0.0,0.0,3.0
317,7.0,7.0,1.0,0.0,0.0,0.0,0.0,6.0,0.0,0.0,3.0,2.0,0.0,0.0,0.0,0.0,3.0,0.0,2.0,0.0
318,3.0,1.0,1.0,0.0,0.0,0.0,0.0,0.0,1.0,1.0,0.0,2.0,0.0,1.0,1.0,2.0,1.0,2.0,0.0,1.0
319,1.0,2.0,1.0,0.0,0.0,1.0,0.0,1.0,0.0,0.0,4.0,3.0,0.0,4.0,1.0,1.0,1.0,0.0,5.0,1.0
320,3.0,1.0,1.0,2.0,0.0,0.0,0.0,2.0,0.0,2.0,3.0,7.0,0.0,0.0,0.0,0.0,2.0,0.0,2.0,0.0
321,2.0,1.0,0.0,0.0,0.0,0.0,0.0,1.0,2.0,0.0,0.0,0.0,0.0,0.0,0.0,0.0,1.0,0.0,0.0,2.0
322,2.0,1.0,1.0,0.0,0.0,1.0,0.0,1.0,0.0,0.0,1.0,0.0,0.0,0.0,0.0,0.0,1.0,0.0,1.0,2.0
323,1.0,5.0,1.0,0.0,1.0,0.0,0.0,1.0,0.0,1.0,1.0,1.0,2.0,0.0,0.0,0.0,1.0,1.0,3.0,1.0
324,2.0,2.0,0.0,0.0,0.0,1.0,0.0,4.0,0.0,0.0,1.0,5.0,0.0,1.0,1.0,0.0,1.0,1.0,2.0,1.0
325,2.0,4.0,1.0,0.0,0.0,0.0,0.0,4.0,1.0,1.0,7.0,7.0,1.0,0.0,1.0,1.0,6.0,0.0,2.0,2.0
326,0.0,1.0,2.0,0.0,0.0,1.0,1.0,0.0,1.0,0.0,1.0,2.0,0.0,1.0,6.0,1.0,0.0,3.0,2.0,0.0
327,3.0,3.0,0.0,1.0,0.0,0.0,1.0,0.0,0.0,1.0,4.0,2.0,1.0,1.0,0.0,2.0,0.0,0.0,1.0,0.0
328,0.0,2.0,1.0,2.0,0.0,1.0,0.0,0.0,0.0,0.0,1.0,0.0,0.0,0.0,0.0,0.0,0.0,0.0,1.0,3.0
329,1.0,0.0,1.0,0.0,1.0,1.0,0.0,1.0,0.0,0.0,4.0,6.0,1.0,0.0,1.0,3.0,2.0,1.0,1.0,0.0
330,0.0,2.0,0.0,0.0,0.0,1.0,0.0,0.0,0.0,0.0,0.0,1.0,0.0,0.0,0.0,0.0,1.0,0.0,1.0,0.0
331,1.0,1.0,0.0,0.0,0.0,0.0,0.0,2.0,0.0,2.0,4.0,9.0,0.0,0.0,1.0,0.0,2.0,0.0,1.0,3.0
332,3.0,2.0,0.0,0.0,0.0,1.0,1.0,0.0,1.0,0.0,2.0,1.0,0.0,0.0,1.0,2.0,1.0,2.0,1.0,0.0
333,1.0,1.0,0.0,0.0,0.0,0.0,0.0,0.0,0.0,0.0,0.0,3.0,1.0,0.0,1.0,0.0,0.0,0.0,1.0,2.0
334,1.0,4.0,2.0,0.0,0.0,0.0,0.0,1.0,0.0,0.0,1.0,3.0,0.0,0.0,2.0,1.0,2.0,0.0,0.0,1.0
335,4.0,3.0,0.0,0.0,0.0,1.0,1.0,3.0,2.0,0.0,2.0,4.0,1.0,0.0,0.0,1.0,0.0,0.0,0.0,0.0
336,1.0,1.0,0.0,1.0,0.0,5.0,0.0,0.0,0.0,0.0,3.0,4.0,0.0,0.0,0.0,1.0,2.0,0.0,3.0,0.0
337,2.0,1.0,0.0,0.0,0.0,0.0,3.0,2.0,2.0,0.0,1.0,1.0,0.0,1.0,2.0,2.0,0.0,1.0,2.0,0.0
338,1.0,3.0,0.0,1.0,0.0,2.0,1.0,0.0,0.0,1.0,4.0,2.0,0.0,0.0,0.0,2.0,0.0,0.0,0.0,1.0
339,1.0,0.0,1.0,2.0,0.0,0.0,0.0,2.0,1.0,2.0,1.0,1.0,0.0,0.0,0.0,3.0,0.0,2.0,2.0,2.0
340,3.0,4.0,1.0,1.0,0.0,0.0,1.0,3.0,0.0,0.0,0.0,2.0,0.0,0.0,0.0,1.0,5.0,1.0,1.0,0.0
341,1.0,5.0,1.0,0.0,0.0,0.0,0.0,1.0,0.0,0.0,1.0,4.0,2.0,0.0,0.0,0.0,0.0,0.0,1.0,0.0
342,1.0,2.0,0.0,0.0,0.0,1.0,0.0,0.0,0.0,0.0,0.0,1.0,0.0,0.0,0.0,0.0,0.0,2.0,1.0,1.0
343,0.0,3.0,2.0,0.0,0.0,1.0,0.0,0.0,0.0,0.0,1.0,8.0,0.0,0.0,1.0,2.0,0.0,1.0,2.0,0.0
344,2.0,4.0,4.0,2.0,0.0,0.0,0.0,6.0,1.0,0.0,1.0,8.0,1.0,0.0,0.0,0.0,4.0,4.0,4.0,1.0
345,0.0,2.0,0.0,3.0,0.0,5.0,0.0,0.0,0.0,0.0,1.0,3.0,0.0,0.0,0.0,0.0,0.0,0.0,1.0,4.0
346,0.0,2.0,0.0,2.0,0.0,1.0,2.0,1.0,0.0,0.0,4.0,2.0,0.0,0.0,2.0,0.0,2.0,1.0,1.0,0.0
347,3.0,2.0,2.0,1.0,0.0,0.0,0.0,3.0,0.0,0.0,2.0,0.0,0.0,0.0,0.0,0.0,1.0,1.0,6.0,1.0
348,2.0,0.0,1.0,0.0,0.0,0.0,0.0,0.0,0.0,0.0,0.0,0.0,0.0,0.0,1.0,0.0,2.0,0.0,1.0,1.0
349,1.0,1.0,2.0,2.0,0.0,0.0,3.0,2.0,0.0,0.0,2.0,6.0,0.0,0.0,0.0,1.0,2.0,1.0,2.0,0.0
350,0.0,2.0,1.0,0.0,0.0,0.0,1.0,1.0,0.0,0.0,3.0,4.0,0.0,0.0,1.0,0.0,4.0,0.0,1.0,1.0
351,1.0,2.0,2.0,0.0,0.0,0.0,0.0,4.0,1.0,1.0,1.0,1.0,0.0,0.0,0.0,0.0,0.0,1.0,0.0,0.0
352,4.0,1.0,0.0,0.0,0.0,1.0,0.0,2.0,1.0,0.0,2.0,1.0,0.0,3.0,1.0,2.0,1.0,0.0,0.0,2.0
353,1.0,1.0,0.0,0.0,1.0,0.0,0.0,2.0,0.0,0.0,0.0,2.0,1.0,0.0,1.0,0.0,0.0,2.0,0.0,2.0
354,3.0,0.0,0.0,0.0,0.0,0.0,0.0,1.0,1.0,0.0,0.0,0.0,2.0,0.0,0.0,0.0,0.0,0.0,2.0,2.0
355,3.0,2.0,0.0,0.0,0.0,2.0,0.0,0.0,0.0,0.0,0.0,1.0,1.0,0.0,0.0,2.0,0.0,0.0,0.0,1.0
356,1.0,3.0,0.0,1.0,0.0,0.0,0.0,2.0,0.0,1.0,0.0,2.0,1.0,0.0,2.0,0.0,0.0,0.0,0.0,1.0
357,3.0,0.0,0.0,0.0,0.0,2.0,3.0,3.0,0.0,0.0,1.0,3.0,0.0,0.0,0.0,1.0,1.0,4.0,0.0,1.0
358,0.0,5.0,0.0,0.0,0.0,0.0,0.0,3.0,1.0,1.0,1.0,3.0,0.0,0.0,0.0,0.0,2.0,2.0,1.0,0.0
359,1.0,4.0,0.0,0.0,0.0,1.0,0.0,0.0,0.0,0.0,0.0,2.0,0.0,0.0,2.0,0.0,0.0,1.0,1.0,1.0
360,1.0,2.0,1.0,1.0,0.0,1.0,0.0,5.0,0.0,0.0,0.0,4.0,1.0,3.0,1.0,3.0,0.0,0.0,0.0,1.0
361,2.0,3.0,1.0,0.0,0.0,0.0,0.0,0.0,1.0,0.0,0.0,0.0,0.0,1.0,0.0,1.0,0.0,1.0,1.0,0.0
362,1.0,3.0,2.0,0.0,1.0,0.0,1.0,0.0,0.0,1.0,0.0,3.0,0.0,0.0,1.0,0.0,1.0,0.0,1.0,2.0
363,3.0,2.0,1.0,0.0,0.0,1.0,2.0,3.0,1.0,1.0,0.0,2.0,0.0,1.0,0.0,0.0,4.0,1.0,0.0,4.0
364,0.0,5.0,1.0,0.0,0.0,0.0,1.0,0.0,0.0,0.0,0.0,0.0,1.0,0.0,1.0,1.0,2.0,2.0,2.0,0.0
365,2.0,1.0,0.0,0.0,0.0,1.0,0.0,2.0,0.0,0.0,1.0,3.0,0.0,0.0,0.0,0.0,5.0,0.0,3.0,0.0
366,3.0,2.0,1.0,0.0,3.0,0.0,0.0,2.0,0.0,1.0,0.0,0.0,0.0,0.0,2.0,3.0,2.0,0.0,0.0,1.0
367,3.0,0.0,0.0,1.0,0.0,3.0,0.0,1.0,0.0,1.0,2.0,1.0,0.0,0.0,0.0,1.0,1.0,0.0,2.0,3.0
368,1.0,2.0,1.0,0.0,0.0,0.0,2.0,0.0,1.0,0.0,1.0,1.0,0.0,1.0,2.0,0.0,2.0,1.0,1.0,2.0
369,0.0,1.0,1.0,0.0,2.0,0.0,1.0,0.0,3.0,0.0,1.0,3.0,0.0,1.0,1.0,3.0,0.0,2.0,1.0,0.0
370,3.0,2.0,4.0,0.0,0.0,0.0,3.0,1.0,0.0,1.0,4.0,5.0,0.0,0.0,0.0,0.0,2.0,1.0,1.0,0.0
371,0.0,3.0,1.0,1.0,0.0,1.0,0.0,0.0,1.0,0.0,0.0,1.0,0.0,0.0,1.0,0.0,2.0,0.0,3.0,1.0
372,2.0,4.0,1.0,0.0,0.0,0.0,2.0,2.0,2.0,1.0,0.0,0.0,0.0,0.0,0.0,3.0,1.0,3.0,1.0,1.0
373,1.0,2.0,0.0,0.0,0.0,0.0,2.0,2.0,0.0,0.0,0.0,1.0,0.0,1.0,1.0,0.0,0.0,2.0,0.0,0.0
374,2.0,1.0,1.0,0.0,2.0,2.0,1.0,0.0,2.0,0.0,1.0,1.0,0.0,0.0,0.0,3.0,1.0,0.0,1.0,0.0
375,1.0,2.0,0.0,0.0,0.0,0.0,1.0,0.0,0.0,0.0,0.0,2.0,1.0,0.0,2.0,0.0,1.0,0.0,2.0,4.0
376,3.0,1.0,1.0,2.0,0.0,3.0,0.0,2.0,0.0,1.0,1.0,0.0,0.0,0.0,2.0,2.0,3.0,0.0,3.0,2.0
377,1.0,1.0,0.0,0.0,0.0,0.0,1.0,1.0,0.0,0.0,1.0,1.0,0.0,0.0,0.0,2.0,2.0,0.0,0.0,0.0
378,1.0,1.0,0.0,0.0,0.0,0.0,1.0,0.0,0.0,0.0,1.0,1.0,0.0,0.0,0.0,1.0,0.0,0.0,0.0,0.0
379,2.0,3.0,1.0,1.0,0.0,1.0,1.0,0.0,0.0,1.0,0.0,6.0,0.0,2.0,0.0,3.0,1.0,1.0,2.0,0.0
380,0.0,3.0,0.0,0.0,0.0,0.0,0.0,1.0,0.0,0.0,0.0,2.0,0.0,0.0,0.0,2.0,0.0,0.0,1.0,2.0
381,4.0,4.0,0.0,1.0,3.0,1.0,0.0,3.0,0.0,0.0,0.0,2.0,0.0,0.0,1.0,5.0,4.0,2.0,1.0,1.0
382,1.0,1.0,1.0,1.0,0.0,5.0,1.0,1.0,1.0,0.0,5.0,6.0,0.0,2.0,0.0,1.0,0.0,2.0,2.0,2.0
383,2.0,4.0,0.0,1.0,0.0,3.0,0.0,0.0,1.0,0.0,3.0,2.0,0.0,0.0,0.0,0.0,0.0,0.0,1.0,0.0
384,1.0,1.0,1.0,1.0,0.0,1.0,1.0,0.0,1.0,0.0,2.0,3.0,0.0,0.0,0.0,2.0,2.0,1.0,2.0,1.0
385,3.0,2.0,0.0,0.0,0.0,0.0,0.0,0.0,1.0,0.0,0.0,0.0,0.0,0.0,1.0,0.0,0.0,0.0,1.0,0.0
386,1.0,1.0,0.0,1.0,0.0,0.0,0.0,0.0,0.0,0.0,1.0,5.0,0.0,0.0,0.0,0.0,3.0,2.0,2.0,0.0
387,1.0,2.0,0.0,0.0,0.0,0.0,2.0,2.0,0.0,0.0,1.0,1.0,0.0,0.0,1.0,2.0,2.0,1.0,0.0,0.0
388,0.0,2.0,0.0,2.0,1.0,1.0,0.0,2.0,0.0,0.0,0.0,0.0,0.0,0.0,2.0,1.0,0.0,0.0,0.0,1.0
389,2.0,3.0,1.0,0.0,1.0,0.0,0.0,0.0,0.0,1.0,4.0,2.0,0.0,2.0,2.0,6.0,1.0,4.0,4.0,1.0
390,0.0,0.0,0.0,2.0,0.0,0.0,0.0,0.0,0.0,0.0,2.0,6.0,0.0,0.0,0.0,0.0,1.0,0.0,1.0,0.0
391,5.0,4.0,1.0,1.0,0.0,1.0,0.0,4.0,1.0,1.0,0.0,3.0,1.0,2.0,0.0,0.0,4.0,1.0,1.0,2.0
392,1.0,3.0,0.0,2.0,0.0,1.0,0.0,0.0,0.0,2.0,0.0,1.0,0.0,0.0,2.0,3.0,1.0,2.0,1.0,2.0
393,2.0,1.0,0.0,0.0,0.0,4.0,1.0,0.0,0.0,3.0,0.0,3.0,0.0,1.0,2.0,0.0,0.0,0.0,1.0,1.0
394,0.0,1.0,2.0,0.0,0.0,0.0,1.0,0.0,0.0,0.0,0.0,0.0,0.0,0.0,0.0,0.0,0.0,3.0,2.0,1.0
395,4.0,3.0,1.0,0.0,0.0,0.0,0.0,0.0,1.0,0.0,3.0,1.0,0.0,1.0,1.0,1.0,1.0,0.0,0.0,0.0
396,3.0,1.0,0.0,0.0,0.0,1.0,0.0,0.0,0.0,0.0,0.0,2.0,0.0,0.0,1.0,1.0,0.0,0.0,1.0,2.0
397,2.0,1.0,1.0,2.0,1.0,0.0,2.0,1.0,0.0,0.0,0.0,2.0,0.0,0.0,0.0,0.0,0.0,0.0,3.0,0.0
398,2.0,4.0,1.0,1.0,0.0,0.0,0.0,0.0,0.0,0.0,1.0,0.0,0.0,0.0,1.0,0.0,0.0,0.0,1.0,0.0
399,2.0,1.0,1.0,0.0,0.0,0.0,0.0,1.0,1.0,0.0,1.0,1.0,0.0,1.0,1.0,1.0,1.0,1.0,1.0,1.0
400,0.0,1.0,0.0,0.0,0.0,0.0,0.0,4.0,0.0,0.0,0.0,3.0,0.0,0.0,0.0,0.0,1.0,1.0,0.0,0.0
401,3.0,2.0,0.0,0.0,0.0,0.0,2.0,1.0,2.0,0.0,1.0,0.0,0.0,0.0,0.0,1.0,1.0,2.0,3.0,0.0
402,2.0,2.0,1.0,0.0,0.0,2.0,1.0,0.0,0.0,0.0,1.0,2.0,0.0,1.0,0.0,0.0,0.0,0.0,4.0,4.0
403,2.0,4.0,2.0,0.0,0.0,2.0,2.0,1.0,0.0,1.0,3.0,5.0,0.0,0.0,0.0,0.0,2.0,2.0,1.0,1.0
404,4.0,1.0,0.0,2.0,1.0,4.0,0.0,1.0,0.0,2.0,6.0,2.0,1.0,0.0,0.0,1.0,4.0,1.0,0.0,2.0
405,0.0,5.0,0.0,0.0,0.0,0.0,0.0,0.0,0.0,0.0,1.0,2.0,0.0,0.0,0.0,0.0,3.0,2.0,1.0,0.0
406,2.0,3.0,0.0,0.0,0.0,1.0,0.0,3.0,2.0,1.0,0.0,3.0,0.0,1.0,0.0,1.0,1.0,0.0,2.0,0.0
407,1.0,4.0,1.0,0.0,0.0,2.0,0.0,0.0,1.0,0.0,1.0,2.0,0.0,1.0,1.0,6.0,1.0,0.0,1.0,1.0
408,3.0,2.0,1.0,0.0,0.0,1.0,1.0,5.0,0.0,0.0,0.0,2.0,0.0,1.0,0.0,0.0,0.0,0.0,2.0,1.0
409,2.0,0.0,0.0,0.0,0.0,2.0,0.0,0.0,1.0,2.0,2.0,2.0,0.0,0.0,1.0,1.0,0.0,1.0,3.0,0.0
410,1.0,5.0,2.0,0.0,0.0,2.0,0.0,0.0,0.0,1.0,5.0,8.0,0.0,0.0,0.0,1.0,2.0,1.0,1.0,1.0
411,1.0,1.0,0.0,0.0,0.0,0.0,2.0,0.0,0.0,0.0,1.0,1.0,0.0,0.0,0.0,4.0,2.0,0.0,1.0,3.0
412,2.0,2.0,0.0,1.0,0.0,0.0,0.0,1.0,1.0,0.0,1.0,1.0,0.0,0.0,0.0,3.0,1.0,0.0,1.0,0.0
413,0.0,3.0,0.0,1.0,0.0,1.0,0.0,3.0,0.0,0.0,0.0,2.0,0.0,0.0,0.0,1.0,0.0,0.0,3.0,1.0
414,1.0,0.0,0.0,0.0,0.0,0.0,0.0,0.0,0.0,1.0,2.0,0.0,0.0,0.0,0.0,0.0,1.0,1.0,0.0,0.0
415,0.0,1.0,0.0,0.0,0.0,0.0,3.0,0.0,0.0,0.0,3.0,3.0,0.0,0.0,0.0,0.0,0.0,0.0,2.0,0.0
416,1.0,2.0,0.0,0.0,0.0,0.0,1.0,2.0,0.0,0.0,0.0,0.0,0.0,0.0,0.0,2.0,0.0,0.0,0.0,0.0
417,0.0,3.0,0.0,0.0,0.0,1.0,1.0,0.0,2.0,0.0,2.0,0.0,0.0,1.0,1.0,2.0,1.0,0.0,2.0,1.0
418,7.0,0.0,1.0,1.0,0.0,1.0,0.0,0.0,2.0,0.0,5.0,7.0,0.0,0.0,1.0,4.0,0.0,1.0,2.0,3.0
419,4.0,2.0,0.0,1.0,0.0,0.0,1.0,4.0,0.0,0.0,2.0,1.0,3.0,1.0,1.0,0.0,0.0,0.0,0.0,1.0
420,3.0,2.0,1.0,0.0,0.0,0.0,0.0,4.0,0.0,1.0,0.0,0.0,0.0,3.0,0.0,0.0,1.0,0.0,0.0,0.0
421,3.0,1.0,1.0,0.0,0.0,1.0,0.0,1.0,0.0,0.0,1.0,4.0,0.0,0.0,0.0,0.0,2.0,0.0,2.0,1.0
422,1.0,1.0,0.0,4.0,0.0,0.0,1.0,0.0,0.0,0.0,2.0,3.0,0.0,0.0,0.0,2.0,2.0,0.0,2.0,0.0
423,2.0,3.0,0.0,0.0,0.0,1.0,0.0,0.0,0.0,0.0,4.0,1.0,0.0,0.0,1.0,4.0,1.0,0.0,2.0,0.0
424,1.0,1.0,1.0,0.0,0.0,1.0,1.0,1.0,0.0,0.0,1.0,1.0,1.0,2.0,2.0,2.0,2.0,0.0,0.0,0.0
425,0.0,5.0,0.0,2.0,1.0,0.0,1.0,2.0,5.0,0.0,1.0,1.0,1.0,0.0,2.0,1.0,0.0,1.0,1.0,1.0
426,1.0,2.0,0.0,1.0,0.0,2.0,0.0,3.0,0.0,3.0,2.0,5.0,0.0,1.0,3.0,3.0,1.0,2.0,2.0,1.0
427,0.0,0.0,0.0,0.0,0.0,0.0,0.0,0.0,1.0,0.0,0.0,0.0,0.0,0.0,2.0,1.0,0.0,0.0,2.0,1.0
428,2.0,4.0,1.0,2.0,0.0,7.0,0.0,4.0,0.0,0.0,3.0,2.0,4.0,1.0,0.0,1.0,5.0,0.0,3.0,3.0
429,4.0,2.0,0.0,1.0,0.0,3.0,0.0,2.0,0.0,2.0,5.0,7.0,0.0,0.0,0.0,0.0,5.0,2.0,4.0,0.0
430,0.0,0.0,1.0,0.0,0.0,0.0,0.0,0.0,2.0,2.0,2.0,2.0,0.0,4.0,1.0,0.0,1.0,0.0,0.0,1.0
431,1.0,1.0,0.0,1.0,0.0,2.0,3.0,1.0,0.0,0.0,3.0,0.0,0.0,1.0,1.0,1.0,0.0,2.0,3.0,1.0
432,3.0,2.0,0.0,0.0,0.0,2.0,1.0,2.0,0.0,0.0,2.0,3.0,0.0,0.0,0.0,2.0,0.0,0.0,2.0,0.0
433,0.0,4.0,2.0,0.0,1.0,0.0,0.0,1.0,0.0,0.0,0.0,4.0,0.0,0.0,1.0,0.0,1.0,0.0,0.0,0.0
434,3.0,2.0,0.0,0.0,0.0,1.0,0.0,3.0,1.0,0.0,0.0,1.0,0.0,0.0,0.0,1.0,2.0,0.0,0.0,1.0
435,1.0,2.0,1.0,0.0,1.0,0.0,0.0,2.0,0.0,1.0,0.0,1.0,0.0,3.0,1.0,2.0,1.0,1.0,0.0,0.0
436,1.0,3.0,0.0,0.0,0.0,1.0,0.0,0.0,0.0,2.0,3.0,0.0,1.0,1.0,0.0,1.0,0.0,0.0,2.0,2.0
437,1.0,2.0,1.0,2.0,0.0,0.0,0.0,3.0,0.0,0.0,4.0,4.0,0.0,0.0,0.0,1.0,2.0,2.0,5.0,0.0
438,2.0,5.0,1.0,0.0,0.0,0.0,0.0,0.0,0.0,0.0,1.0,3.0,1.0,0.0,1.0,4.0,2.0,0.0,0.0,1.0
439,3.0,0.0,0.0,0.0,0.0,1.0,3.0,2.0,0.0,2.0,1.0,1.0,0.0,0.0,4.0,0.0,2.0,0.0,0.0,2.0
440,2.0,3.0,0.0,1.0,0.0,0.0,1.0,5.0,1.0,0.0,0.0,2.0,0.0,2.0,1.0,2.0,3.0,0.0,2.0,3.0
441,1.0,1.0,0.0,0.0,0.0,3.0,0.0,0.0,0.0,0.0,2.0,1.0,0.0,0.0,1.0,0.0,0.0,0.0,2.0,0.0
442,1.0,1.0,1.0,0.0,0.0,0.0,2.0,5.0,0.0,1.0,1.0,1.0,0.0,0.0,0.0,0.0,1.0,0.0,5.0,1.0
443,1.0,2.0,0.0,0.0,0.0,4.0,0.0,0.0,0.0,0.0,3.0,4.0,0.0,2.0,2.0,1.0,2.0,0.0,4.0,1.0
444,0.0,0.0,0.0,0.0,0.0,1.0,0.0,0.0,0.0,0.0,2.0,3.0,0.0,0.0,0.0,1.0,1.0,1.0,0.0,1.0
445,1.0,1.0,0.0,0.0,0.0,0.0,1.0,0.0,0.0,0.0,0.0,1.0,1.0,0.0,1.0,1.0,2.0,1.0,0.0,2.0
446,2.0,1.0,0.0,0.0,2.0,2.0,1.0,5.0,0.0,0.0,3.0,4.0,1.0,0.0,2.0,0.0,4.0,1.0,0.0,1.0
447,1.0,3.0,0.0,0.0,0.0,0.0,2.0,1.0,1.0,0.0,0.0,2.0,0.0,1.0,1.0,3.0,0.0,0.0,0.0,0.0
448,1.0,1.0,1.0,1.0,0.0,0.0,1.0,1.0,0.0,0.0,0.0,7.0,0.0,1.0,0.0,2.0,1.0,3.0,3.0,3.0
449,3.0,0.0,0.0,1.0,0.0,2.0,0.0,3.0,0.0,0.0,2.0,5.0,4.0,1.0,0.0,0.0,0.0,1.0,3.0,0.0
450,1.0,0.0,0.0,0.0,0.0,0.0,0.0,0.0,0.0,0.0,1.0,2.0,1.0,0.0,1.0,0.0,0.0,0.0,1.0,0.0
451,3.0,2.0,0.0,0.0,0.0,1.0,1.0,1.0,0.0,0.0,3.0,8.0,3.0,1.0,0.0,1.0,1.0,1.0,1.0,0.0
452,1.0,3.0,0.0,0.0,0.0,0.0,1.0,3.0,0.0,2.0,6.0,3.0,0.0,0.0,0.0,1.0,2.0,0.0,2.0,2.0
453,1.0,1.0,0.0,0.0,1.0,0.0,1.0,0.0,0.0,2.0,0.0,0.0,0.0,0.0,0.0,1.0,1.0,0.0,0.0,1.0
454,2.0,5.0,1.0,0.0,0.0,2.0,1.0,2.0,2.0,1.0,4.0,0.0,0.0,0.0,1.0,5.0,0.0,1.0,1.0,0.0
455,3.0,1.0,2.0,0.0,0.0,1.0,0.0,1.0,0.0,0.0,0.0,3.0,0.0,1.0,0.0,0.0,1.0,2.0,0.0,1.0
456,4.0,1.0,0.0,0.0,1.0,3.0,2.0,3.0,0.0,0.0,0.0,7.0,0.0,0.0,0.0,3.0,4.0,2.0,4.0,1.0
457,0.0,0.0,0.0,2.0,1.0,3.0,0.0,0.0,0.0,1.0,6.0,2.0,0.0,1.0,0.0,2.0,3.0,0.0,3.0,0.0
458,2.0,1.0,0.0,0.0,0.0,0.0,0.0,0.0,0.0,0.0,0.0,1.0,0.0,1.0,0.0,0.0,0.0,0.0,0.0,3.0
459,5.0,2.0,1.0,0.0,0.0,0.0,2.0,1.0,0.0,0.0,5.0,2.0,0.0,1.0,0.0,0.0,2.0,2.0,1.0,0.0
460,2.0,3.0,0.0,2.0,0.0,2.0,0.0,1.0,0.0,0.0,3.0,7.0,0.0,0.0,0.0,0.0,2.0,2.0,5.0,0.0
461,0.0,3.0,0.0,0.0,0.0,0.0,0.0,0.0,0.0,3.0,1.0,0.0,0.0,0.0,0.0,0.0,0.0,2.0,0.0,1.0
462,1.0,0.0,1.0,1.0,0.0,1.0,0.0,0.0,1.0,0.0,2.0,0.0,0.0,0.0,0.0,0.0,1.0,1.0,5.0,0.0
463,2.0,0.0,2.0,0.0,0.0,0.0,1.0,0.0,2.0,0.0,2.0,1.0,0.0,0.0,3.0,2.0,1.0,1.0,0.0,1.0
464,0.0,5.0,0.0,0.0,0.0,0.0,0.0,1.0,0.0,0.0,1.0,3.0,0.0,0.0,1.0,7.0,0.0,0.0,2.0,0.0
465,0.0,2.0,0.0,1.0,0.0,1.0,0.0,0.0,0.0,1.0,1.0,0.0,0.0,0.0,0.0,0.0,0.0,0.0,3.0,2.0
466,3.0,3.0,1.0,1.0,0.0,0.0,0.0,3.0,0.0,1.0,1.0,2.0,0.0,1.0,0.0,1.0,1.0,0.0,1.0,2.0
467,0.0,1.0,0.0,1.0,0.0,0.0,1.0,2.0,0.0,1.0,1.0,4.0,0.0,1.0,0.0,2.0,0.0,1.0,1.0,0.0
468,1.0,3.0,1.0,0.0,0.0,1.0,0.0,4.0,1.0,0.0,1.0,5.0,1.0,0.0,0.0,2.0,1.0,1.0,0.0,3.0
469,3.0,5.0,0.0,2.0,2.0,2.0,2.0,5.0,0.0,0.0,0.0,4.0,0.0,0.0,1.0,0.0,0.0,0.0,3.0,0.0
470,0.0,2.0,0.0,0.0,0.0,0.0,2.0,0.0,4.0,0.0,0.0,0.0,0.0,0.0,0.0,0.0,0.0,0.0,1.0,1.0
471,4.0,0.0,1.0,0.0,0.0,1.0,3.0,0.0,0.0,0.0,0.0,1.0,0.0,1.0,0.0,0.0,2.0,0.0,1.0,1.0
472,1.0,1.0,2.0,1.0,1.0,0.0,0.0,0.0,1.0,1.0,0.0,2.0,0.0,0.0,0.0,0.0,1.0,1.0,0.0,2.0
473,0.0,1.0,0.0,0.0,0.0,1.0,0.0,2.0,0.0,0.0,2.0,2.0,0.0,1.0,0.0,0.0,2.0,0.0,1.0,0.0
474,2.0,4.0,1.0,1.0,0.0,1.0,0.0,3.0,0.0,0.0,0.0,2.0,0.0,1.0,0.0,3.0,1.0,3.0,1.0,0.0
475,4.0,3.0,1.0,0.0,0.0,1.0,0.0,0.0,2.0,0.0,1.0,5.0,0.0,0.0,1.0,0.0,0.0,0.0,1.0,0.0
476,1.0,2.0,0.0,2.0,2.0,0.0,0.0,6.0,0.0,0.0,0.0,2.0,0.0,0.0,1.0,0.0,0.0,1.0,2.0,1.0
477,0.0,3.0,0.0,1.0,0.0,0.0,0.0,1.0,0.0,0.0,2.0,3.0,0.0,0.0,0.0,2.0,1.0,0.0,1.0,2.0
478,3.0,1.0,0.0,0.0,0.0,0.0,0.0,0.0,0.0,0.0,0.0,1.0,0.0,0.0,1.0,0.0,1.0,0.0,0.0,1.0
479,4.0,2.0,0.0,0.0,0.0,2.0,0.0,0.0,2.0,0.0,4.0,5.0,1.0,1.0,1.0,2.0,1.0,1.0,3.0,3.0
480,0.0,0.0,0.0,1.0,0.0,0.0,0.0,1.0,0.0,0.0,1.0,3.0,0.0,0.0,0.0,0.0,1.0,1.0,0.0,4.0
481,0.0,2.0,0.0,5.0,0.0,0.0,1.0,4.0,0.0,0.0,0.0,4.0,1.0,0.0,0.0,0.0,2.0,0.0,2.0,2.0
482,2.0,0.0,1.0,1.0,0.0,0.0,0.0,3.0,0.0,0.0,2.0,5.0,1.0,0.0,3.0,0.0,1.0,0.0,3.0,0.0
483,1.0,3.0,0.0,0.0,1.0,2.0,0.0,0.0,2.0,0.0,2.0,0.0,1.0,1.0,1.0,0.0,0.0,1.0,0.0,0.0
484,7.0,3.0,0.0,1.0,0.0,0.0,2.0,3.0,2.0,1.0,2.0,6.0,0.0,2.0,2.0,2.0,1.0,0.0,2.0,1.0
485,0.0,1.0,0.0,0.0,0.0,0.0,0.0,1.0,0.0,0.0,0.0,2.0,0.0,0.0,0.0,0.0,1.0,1.0,0.0,0.0
486,0.0,1.0,0.0,0.0,0.0,0.0,1.0,0.0,0.0,2.0,4.0,3.0,0.0,0.0,0.0,0.0,0.0,0.0,2.0,1.0
487,1.0,1.0,1.0,0.0,0.0,2.0,1.0,2.0,0.0,1.0,1.0,1.0,2.0,0.0,1.0,0.0,4.0,0.0,1.0,3.0
488,0.0,3.0,0.0,0.0,0.0,1.0,0.0,0.0,0.0,1.0,0.0,1.0,1.0,0.0,0.0,3.0,1.0,0.0,0.0,0.0
489,2.0,1.0,0.0,0.0,0.0,0.0,2.0,3.0,0.0,0.0,3.0,2.0,0.0,0.0,0.0,0.0,1.0,1.0,2.0,0.0
490,2.0,1.0,0.0,1.0,0.0,2.0,1.0,0.0,0.0,1.0,0.0,2.0,0.0,0.0,0.0,1.0,0.0,0.0,2.0,1.0
491,1.0,7.0,1.0,0.0,0.0,0.0,1.0,5.0,0.0,0.0,0.0,3.0,2.0,0.0,1.0,2.0,1.0,2.0,0.0,1.0
492,1.0,1.0,4.0,0.0,1.0,0.0,0.0,0.0,0.0,0.0,1.0,5.0,0.0,0.0,0.0,0.0,0.0,0.0,1.0,1.0
493,0.0,0.0,2.0,3.0,0.0,0.0,0.0,0.0,0.0,0.0,1.0,0.0,0.0,0.0,1.0,1.0,1.0,1.0,0.0,0.0
494,0.0,1.0,3.0,0.0,0.0,0.0,0.0,0.0,1.0,0.0,0.0,2.0,0.0,0.0,2.0,1.0,1.0,0.0,1.0,4.0
495,4.0,2.0,3.0,0.0,2.0,3.0,0.0,0.0,1.0,0.0,4.0,3.0,1.0,1.0,1.0,5.0,2.0,1.0,0.0,2.0
496,0.0,2.0,1.0,1.0,0.0,0.0,0.0,2.0,0.0,0.0,4.0,1.0,0.0,0.0,0.0,0.0,0.0,0.0,1.0,1.0
497,1.0,2.0,1.0,0.0,0.0,2.0,0.0,0.0,0.0,1.0,2.0,2.0,0.0,2.0,4.0,2.0,0.0,1.0,0.0,1.0
498,1.0,3.0,0.0,0.0,0.0,1.0,0.0,0.0,0.0,0.0,1.0,1.0,0.0,0.0,0.0,0.0,0.0,0.0,0.0,1.0
499,1.0,2.0,1.0,0.0,0.0,0.0,1.0,0.0,0.0,0.0,3.0,2.0,0.0,0.0,0.0,0.0,0.0,0.0,0.0,1.0
