out_path,variable,run_name,job_id,lambda_option,alpha,lambda_W,lambda_H_G,lambda_H_C,rank,num_init,lambda_Gloss,computation_time
/gpfs/commons/groups/gursoy_lab/anewbury/unsupervised_pheno/output/models/ZU_weight_train_0,0.25,SCoNE,0,0.0,0.0,0.0,0.0,0.0,3,50,1,29.930783173069358
/gpfs/commons/groups/gursoy_lab/anewbury/unsupervised_pheno/output/models/ZU_weight_train_1,0.25,SCoNE,1,0.0001,169.0,0.0001,0.0001,0.0001,3,50,1,58.83586040697992
/gpfs/commons/groups/gursoy_lab/anewbury/unsupervised_pheno/output/models/ZU_weight_train_2,0.25,SCoNE,2,0.001,169.0,0.001,0.001,0.001,3,50,1,56.35209790058434
/gpfs/commons/groups/gursoy_lab/anewbury/unsupervised_pheno/output/models/ZU_weight_train_3,0.25,SCoNE,3,0.01,169.0,0.01,0.01,0.01,3,50,1,58.09278044849634
/gpfs/commons/groups/gursoy_lab/anewbury/unsupervised_pheno/output/models/ZU_weight_train_4,0.25,SCoNE,4,0.1,169.0,0.1,0.1,0.1,3,50,1,48.55415301583707
/gpfs/commons/groups/gursoy_lab/anewbury/unsupervised_pheno/output/models/ZU_weight_train_5,0.25,SCoNE,5,1.0,169.0,1.0,1.0,1.0,3,50,1,28.71789025887847
/gpfs/commons/groups/gursoy_lab/anewbury/unsupervised_pheno/output/models/ZU_weight_train_6,0.25,SCoNE,6,10.0,169.0,10.0,10.0,10.0,3,50,1,19.952254429459572
/gpfs/commons/groups/gursoy_lab/anewbury/unsupervised_pheno/output/models/ZU_weight_train_7,0.5,SCoNE,7,0.0,0.0,0.0,0.0,0.0,3,50,1,34.567040929570794
/gpfs/commons/groups/gursoy_lab/anewbury/unsupervised_pheno/output/models/ZU_weight_train_8,0.5,SCoNE,8,0.0001,225.0,0.0001,0.0001,0.0001,3,50,1,63.63526567444205
/gpfs/commons/groups/gursoy_lab/anewbury/unsupervised_pheno/output/models/ZU_weight_train_9,0.5,SCoNE,9,0.001,225.0,0.001,0.001,0.001,3,50,1,62.720848210155964
/gpfs/commons/groups/gursoy_lab/anewbury/unsupervised_pheno/output/models/ZU_weight_train_10,0.5,SCoNE,10,0.01,225.0,0.01,0.01,0.01,3,50,1,60.44570220075548
/gpfs/commons/groups/gursoy_lab/anewbury/unsupervised_pheno/output/models/ZU_weight_train_11,0.5,SCoNE,11,0.1,225.0,0.1,0.1,0.1,3,50,1,49.26577021367848
/gpfs/commons/groups/gursoy_lab/anewbury/unsupervised_pheno/output/models/ZU_weight_train_12,0.5,SCoNE,12,1.0,225.0,1.0,1.0,1.0,3,50,1,30.124382507055998
/gpfs/commons/groups/gursoy_lab/anewbury/unsupervised_pheno/output/models/ZU_weight_train_13,0.5,SCoNE,13,10.0,225.0,10.0,10.0,10.0,3,50,1,19.967087112367153
/gpfs/commons/groups/gursoy_lab/anewbury/unsupervised_pheno/output/models/ZU_weight_train_14,0.75,SCoNE,14,0.0,0.0,0.0,0.0,0.0,3,50,1,37.11863361299038
/gpfs/commons/groups/gursoy_lab/anewbury/unsupervised_pheno/output/models/ZU_weight_train_15,0.75,SCoNE,15,0.0001,225.0,0.0001,0.0001,0.0001,3,50,1,70.94413299299777
/gpfs/commons/groups/gursoy_lab/anewbury/unsupervised_pheno/output/models/ZU_weight_train_16,0.75,SCoNE,16,0.001,225.0,0.001,0.001,0.001,3,50,1,71.0931910853833
/gpfs/commons/groups/gursoy_lab/anewbury/unsupervised_pheno/output/models/ZU_weight_train_17,0.75,SCoNE,17,0.01,225.0,0.01,0.01,0.01,3,50,1,72.69085529074073
/gpfs/commons/groups/gursoy_lab/anewbury/unsupervised_pheno/output/models/ZU_weight_train_18,0.75,SCoNE,18,0.1,225.0,0.1,0.1,0.1,3,50,1,56.46486556716263
/gpfs/commons/groups/gursoy_lab/anewbury/unsupervised_pheno/output/models/ZU_weight_train_19,0.75,SCoNE,19,1.0,225.0,1.0,1.0,1.0,3,50,1,34.52532454766333
/gpfs/commons/groups/gursoy_lab/anewbury/unsupervised_pheno/output/models/ZU_weight_train_20,0.75,SCoNE,20,10.0,225.0,10.0,10.0,10.0,3,50,1,24.482235364615917
/gpfs/commons/groups/gursoy_lab/anewbury/unsupervised_pheno/output/models/ZU_weight_train_21,1.0,SCoNE,21,0.0,0.0,0.0,0.0,0.0,3,50,1,41.019115552306175
/gpfs/commons/groups/gursoy_lab/anewbury/unsupervised_pheno/output/models/ZU_weight_train_22,1.0,SCoNE,22,0.0001,289.0,0.0001,0.0001,0.0001,3,50,1,63.12627609819174
/gpfs/commons/groups/gursoy_lab/anewbury/unsupervised_pheno/output/models/ZU_weight_train_23,1.0,SCoNE,23,0.001,289.0,0.001,0.001,0.001,3,50,1,62.52698735333979
/gpfs/commons/groups/gursoy_lab/anewbury/unsupervised_pheno/output/models/ZU_weight_train_24,1.0,SCoNE,24,0.01,289.0,0.01,0.01,0.01,3,50,1,60.73702518828213
/gpfs/commons/groups/gursoy_lab/anewbury/unsupervised_pheno/output/models/ZU_weight_train_25,1.0,SCoNE,25,0.1,289.0,0.1,0.1,0.1,3,50,1,55.427627228200436
/gpfs/commons/groups/gursoy_lab/anewbury/unsupervised_pheno/output/models/ZU_weight_train_26,1.0,SCoNE,26,1.0,289.0,1.0,1.0,1.0,3,50,1,38.15923523530364
/gpfs/commons/groups/gursoy_lab/anewbury/unsupervised_pheno/output/models/ZU_weight_train_27,1.0,SCoNE,27,10.0,289.0,10.0,10.0,10.0,3,50,1,21.67615900747478
/gpfs/commons/groups/gursoy_lab/anewbury/unsupervised_pheno/output/models/ZU_weight_train_28,1.5,SCoNE,28,0.0,0.0,0.0,0.0,0.0,3,50,1,49.20642059482634
/gpfs/commons/groups/gursoy_lab/anewbury/unsupervised_pheno/output/models/ZU_weight_train_29,1.5,SCoNE,29,0.0001,361.0,0.0001,0.0001,0.0001,3,50,1,68.79504494741559
/gpfs/commons/groups/gursoy_lab/anewbury/unsupervised_pheno/output/models/ZU_weight_train_30,1.5,SCoNE,30,0.001,361.0,0.001,0.001,0.001,3,50,1,72.39548104442656
/gpfs/commons/groups/gursoy_lab/anewbury/unsupervised_pheno/output/models/ZU_weight_train_31,1.5,SCoNE,31,0.01,361.0,0.01,0.01,0.01,3,50,1,71.0615047570318
/gpfs/commons/groups/gursoy_lab/anewbury/unsupervised_pheno/output/models/ZU_weight_train_32,1.5,SCoNE,32,0.1,361.0,0.1,0.1,0.1,3,50,1,56.88765588402748
/gpfs/commons/groups/gursoy_lab/anewbury/unsupervised_pheno/output/models/ZU_weight_train_33,1.5,SCoNE,33,1.0,361.0,1.0,1.0,1.0,3,50,1,43.79596681520343
/gpfs/commons/groups/gursoy_lab/anewbury/unsupervised_pheno/output/models/ZU_weight_train_34,1.5,SCoNE,34,10.0,361.0,10.0,10.0,10.0,3,50,1,21.95606393739581
/gpfs/commons/groups/gursoy_lab/anewbury/unsupervised_pheno/output/models/ZU_weight_train_35,2.0,SCoNE,35,0.0,0.0,0.0,0.0,0.0,3,50,1,48.429081961512566
/gpfs/commons/groups/gursoy_lab/anewbury/unsupervised_pheno/output/models/ZU_weight_train_36,2.0,SCoNE,36,0.0001,676.0,0.0001,0.0001,0.0001,3,50,1,62.86259068362415
/gpfs/commons/groups/gursoy_lab/anewbury/unsupervised_pheno/output/models/ZU_weight_train_37,2.0,SCoNE,37,0.001,676.0,0.001,0.001,0.001,3,50,1,51.55741521157324
/gpfs/commons/groups/gursoy_lab/anewbury/unsupervised_pheno/output/models/ZU_weight_train_38,2.0,SCoNE,38,0.01,676.0,0.01,0.01,0.01,3,50,1,49.789970802143216
/gpfs/commons/groups/gursoy_lab/anewbury/unsupervised_pheno/output/models/ZU_weight_train_39,2.0,SCoNE,39,0.1,676.0,0.1,0.1,0.1,3,50,1,46.60088863968849
/gpfs/commons/groups/gursoy_lab/anewbury/unsupervised_pheno/output/models/ZU_weight_train_40,2.0,SCoNE,40,1.0,676.0,1.0,1.0,1.0,3,50,1,42.22627977654338
/gpfs/commons/groups/gursoy_lab/anewbury/unsupervised_pheno/output/models/ZU_weight_train_41,2.0,SCoNE,41,10.0,676.0,10.0,10.0,10.0,3,50,1,31.348196029663086
